track_name,artist_name,playlists
...And to Those I Love Thanks for Sticking Around,$uicideboy$,
Beanie - Slowed,10X,
4 AM,"2 Chainz,Travis Scott",
a lot,21 Savage,
letter to my brudda,21 Savage,
Bank Account,21 Savage,
all of me,21 Savage,
ball w/o you,21 Savage,
sneaky,21 Savage,
see the real,21 Savage,
redrum,21 Savage,
should've wore a bonnet,"21 Savage,Brent Faiyaz",
just like me,"21 Savage,Burna Boy,Metro Boomin",
dangerous,"21 Savage,Lil Durk,Metro Boomin",
dark days,"21 Savage,Mariah the Scientist",
Runnin,"21 Savage,Metro Boomin",
X (feat. Future),"21 Savage,Metro Boomin,Future",
Rap Saved Me (feat. Quavo),"21 Savage,Offset,Metro Boomin,Quavo",
prove it,"21 Savage,Summer Walker",
red sky,"21 Savage,Tommy Newport,Mikky Ekko",
nee-nah,"21 Savage,Travis Scott,Metro Boomin",
pop ur shit,"21 Savage,Young Thug,Metro Boomin",
CITY OF ANGELS,24kGoldn,
3 2 1,24kGoldn,
DROPPED OUTTA COLLEGE,24kGoldn,
VALENTINO,24kGoldn,
Mood (feat. iann dior),"24kGoldn,iann dior",
Keep Ya Head Up,2Pac,
Changes,"2Pac,Talent",
act ii: date @ 8,4batz,
Placas,5-30,
Many Men (Wish Death),50 Cent,
Part Of The Game (feat. NLE Choppa & Rileyy Lanez),"50 Cent,NLE Choppa,Rileyy Lanez",
21 Questions,"50 Cent,Nate Dogg",
kem diria ...,5laughter,
BILLY,6ix9ine,
GOTTI,6ix9ine,
93,6ix9ine,
STOOPID,"6ix9ine,Bobby Shmurda",
ENDZ,88GLAM,
Filho da Guida,9 Miller,
Limonada,9 Miller,
Wappa / Frozen,"9 Miller,Mizzy Miles",
Drowning (feat. Kodak Black),"A Boogie Wit da Hoodie,Kodak Black",
The God Hour,"A$AP ANT,A$AP Rocky",
Dreams Fairytales Fantasies (feat. Brent Faiyaz & Salaam Remi),"A$AP Ferg,Brent Faiyaz,Salaam Remi",
Dennis Rodman (feat. Tyga),"A$AP Ferg,Tyga",
Tony Tone,A$AP Rocky,
Tailor Swif,A$AP Rocky,
Sundress,A$AP Rocky,
Shittin' Me,A$AP Rocky,
Rich Nigga Problems,A$AP Rocky,
LVL,A$AP Rocky,
L$D,A$AP Rocky,
Long Live A$AP,A$AP Rocky,
Lord Pretty Flacko Jodye 2 (LPFJ2),A$AP Rocky,
Babushka Boi,A$AP Rocky,
Goldie,A$AP Rocky,
Excuse Me,A$AP Rocky,
Canal St. (feat. Bones),"A$AP Rocky,BONES",
F**kin' Problems (feat. Drake 2 Chainz & Kendrick Lamar),"A$AP Rocky,Drake,2 Chainz,Kendrick Lamar",
Fukk Sleep (feat. FKA twigs),"A$AP Rocky,FKA twigs",
Brotha Man (feat. French Montana),"A$AP Rocky,French Montana",
Cocky (feat. London On Da Track),"A$AP Rocky,Gucci Mane,21 Savage,London On Da Track",
West Side Highway,"A$AP Rocky,James Fauntleroy",
Jukebox Joints (feat. Joe Fox & Kanye West),"A$AP Rocky,Joe Fox,Kanye West",
Multiply (feat. Juicy J),"A$AP Rocky,Juicy J",
Gunz N Butter (feat. Juicy J),"A$AP Rocky,Juicy J",
Wavybone (feat. Juicy J & UGK),"A$AP Rocky,Juicy J,UGK",
1Train (feat. Kendrick Lamar Joey Bada$$ Yelawolf Danny Brown Action Bronson & Big K.R.I.T.),"A$AP Rocky,Kendrick Lamar,Joey Bada$$,Yelawolf,Danny Brown,Action Bronson,Big K.R.I.T.",
Arya (feat. A$AP Rocky),"A$AP Rocky,Nigo",
Pain (feat. OverDoz.),"A$AP Rocky,OverDoz.",
Everyday (feat. Rod Stewart Miguel & Mark Ronson),"A$AP Rocky,Rod Stewart,Miguel,Mark Ronson",
Hell (feat. Santigold),"A$AP Rocky,Santigold",
Praise The Lord (Da Shine) (feat. Skepta),"A$AP Rocky,Skepta",
FTW (F**k The World) [with A$AP Rocky & Tom Morello],"A$AP Rocky,Tom Morello",
Baco,"ABCC,Mixla",
Funky Town,ACRAZE,
Sons de Amor,"ANDREZO,Gson",
Relax My Eyes,"ANOTR,Abel Balder",
How You Feel (ft Leven Kali),"ANOTR,Leven Kali,Erik Bandt",
Sail,AWOLNATION,
Ride,Aaron May,
WOKEUPTHINKINBOUT,Aaron May,
I'm Good Luv Enjoy.,Aaron May,
HIDDEN VOICES,Aaron May,
In Love,Aaron May,
Let Go,Aaron May,
Na Minha,Achero,
100 Montaditos,"Adler Jack,Vert Gum",
Rain,"Aitch,AJ Tracey,Tay Keith",
Lonely,Akon,
On My Mind - Enzo is Burning Remix,"Alan Fitzpatrick,Ronnie Spiteri,Enzo is Burning",
Tropicana (Morena Tropicana),Alceu Valenca,
Enquanto Eu Penso,Alcool Club,
Ultimo a Sair,Alcool Club,
Atlantis,Alcool Club,
Do Vinho,Alcool Club,
Nada Contra,Alcool Club,
Quando a Minha voz,Alcool Club,
Respeito,Alcool Club,
Drunk Peel Me,Alcool Club,
Marado,Alcool Club,
Fugimos a Realidade,"Alcool Club,Beware Jack",
Espuma,"Alcool Club,Beware Jack,Sara D. Francisco",
Mudar,"Alcool Club,Domi,Sara D. Francisco",
A Vida Que Tens,"Alcool Club,Keni",
Virus,"Alcool Club,Keni",
Lei da Atraccao,"Alcool Club,N.O.B.,Lucy",
Atlantis,"Alcool Club,Praso,Montana",
Cem Anos,"Alcool Club,Praso,Montana,Sara D. Francisco,Tommy El Finger,sanguiBom",
Menu,"Alcool Club,Sara D. Francisco",
Equilibrio,"Alcool Club,Sara D. Francisco",
Com Fianca,"Alcool Club,Stag One,Tilt",
Atalhos,"Alcool Club,Tom",
Sitio Onde Nunca Sai,"Alcool Club,Uno,Sara D. Francisco",
Monsters (feat. blackbear),"All Time Low,blackbear",
Bandido Velho,Allen Halloween,
Ze Maluco,Allen Halloween,
Cobradores de Impostos,Allen Halloween,
Crescer,Allen Halloween,
Na Porta do Bar - Live,Allen Halloween,
Marmita Boy,Allen Halloween,
Youth,Allen Halloween,
Gangs de Lisboa,"Allen Halloween,Drunk Master,Ka Tha Brabo,Di Meu,Tretas,Buts Mc,Dom Mac 1º,RP,Johnny Ganza,Wil,Maradox 1º",
Varias Vidas,"Allen Halloween,Drunk Master,Ka Tha Brabo,Dom Mac 1,RP,Johnny Ganza,Jeremy,Buts Mc",
Bitch Nigga,"Allen Halloween,Jeremy,Drunk Master",
Livre-Arbitrio o Ultimo Mundo,"Allen Halloween,Kapataz,Krazye Loko,Kosmikilla,Bottle,Landin KS,J-Cap,Prophecy,Kinous",
Fly Nigga,"Allen Halloween,Maradox 1º",
No Love,"Allen Halloween,Maradox 1º",
Dia de Um Dread de 16 Anos,"Allen Halloween,Maradox 1º",
Rap de Rua,"Allen Halloween,Toni Bella",
I Need A Dollar,Aloe Blacc,
Saber de Mim,"Amaro,SPLIFF,Zeca",
Shimmy,Amine,
Arc de Triomphe,Amine,
Mrs. Clean,Amine,
REEL IT IN,Amine,
Yellow,"Amine,Nelly",
Trem-Bala,Ana Vilela,
Tempo Antigo,"Apollo G,Garry",
Sei-te de Cor,Aragao,
Clima,Aragao,
Brindar,Aragao,
Tranquilo,Aragao,
R U Mine?,Arctic Monkeys,
505,Arctic Monkeys,
I Wanna Be Yours,Arctic Monkeys,
Why'd You Only Call Me When You're High?,Arctic Monkeys,
Do I Wanna Know?,Arctic Monkeys,
Into You,Ariana Grande,
Transform3r,AutoTuna,
I Know,Azart,
Nothin' on You (feat. Bruno Mars),"B.o.B,Bruno Mars",
Welcome to Chilis,"BABY GRAVY,Yung Gravy,bbno$",
iunno,"BABY GRAVY,Yung Gravy,bbno$",
TWERK IT ),"BIGBOY300,(PROD.NOEVDV)",
Dior,"BIN,Major RD,Mainstreet,Ajaxx",
STATS,Baby Keem,
ORANGE SODA,Baby Keem,
HONEST,Baby Keem,
no sense,Baby Keem,
family ties (with Kendrick Lamar),"Baby Keem,Kendrick Lamar",
The Hillbillies,"Baby Keem,Kendrick Lamar",
Fast Lane,Bad Meets Evil,
O Convite,"Bangaladex,DJ Sas,Ciryllo",
Costa Rica,Bankrol Hayden,
Come Through (feat. Lil Tecca),"Bankrol Hayden,Lil Tecca",
Brothers (feat. Luh Kel),"Bankrol Hayden,Luh Kel",
Kimbara,Barry Can't Swim,
Always Get Through To You,Barry Can't Swim,
How It Feels,Barry Can't Swim,
The Jackie (with J. Cole & Lil Tjay),"Bas,J. Cole,Lil Tjay",
Curse,"Bass Santana,XXXTENTACION,Cooliecut,Kin$oul",
One Way Flight (feat. Freddie Gibbs),"Benny The Butcher,Freddie Gibbs",
Plug Talk (feat. 2 Chainz),"Benny The Butcher,Harry Fraud,2 Chainz",
Johnny P's Caddy,"Benny The Butcher,J. Cole",
Tem Coca Ai Na Geladeira,Bezerra Da Silva,
9 Times Out Of 10 (feat. Lil Baby),"Big Havi,Lil Baby",
The Enemy (feat. Fat Joe),"Big L,Fat Joe",
Man's Not Hot,Big Shaq,
Ain't No Sunshine,Bill Withers,
Just the Two of Us,"Bill Withers,Grover Washington Jr.",
Real Milf Hours,Billy Marchiafava,
Locco,Biscits,
Vai Devagar,Bispo,
S2,Bispo,
Dinamico,Bispo,
Lembrei-me,Bispo,
Nao Fui Sincero,Bispo,
Nao Tou Sozinho,Bispo,
Mais Antigo,Bispo,
Influencer,"Bispo,D'ay",
Pedro,"Bispo,D'ay",
Oxigenio (feat. LON3R JOHNY & Piri_bxd),"Bispo,D'ay,LON3R JOHNY,Piri_bxd",
NOS2 (feat. Deezy),"Bispo,Deezy",
Como Da (with Gson),"Bispo,Gson",
Essa Saia,"Bispo,Ivandro",
Nao da pa parar,"Bispo,Papillon",
Pormenores,"Bispo,Sam The Kid",
Like Whoa,Black V Neck,
Rap D1 Gajo,Blasph,
Heavy Metal,"Bleach Mane,Mizu",
Look Alive (feat. Drake),"BlocBoy JB,Drake",
Thotiana,Blueface,
Knockin' On Heaven's Door,Bob Dylan,
No Woman No Cry,Bob Marley & The Wailers,
Don't Worry Be Happy,Bobby McFerrin,
Hot N*gga,Bobby Shmurda,
Living Life (feat. Rowdy Rebel),"Bobby Shmurda,Rowdy Rebel",
Shadows,"Bonobo,Jordan Rakei",
Baile da Serra,"Braao,LIT UP,Dj Nattan",
The Story,Brandi Carlile,
Heaven,Bryan Adams,
Woo Hah!! Got You All in Check (The Jay-Dee Bounce Remix) - 2021 Remaster,"Busta Rhymes,Jay Dee",
Look Over Your Shoulder (feat. Kendrick Lamar),"Busta Rhymes,Kendrick Lamar",
Cafeteria (feat. Gunna),"CHASE B,Don Toliver,Gunna",
Let Me Take You,"CID,Westend",
Whoopty,CJ,
A Minha Praia,"CLASSE CRUA,Sam The Kid",
O Leaozinho,Caetano Veloso,
Envy Me,Calboy,
Chariot (feat. Meek Mill Lil Durk & Young Thug),"Calboy,Meek Mill,Lil Durk,Young Thug",
Dancing On My Own,Calum Scott,
You Are The Reason,Calum Scott,
Una Palabra,Carlos Varela,
Yeah Yeah,Catarina H,
Cash,Catarina H,
Cinema,Catarina H,
Wavy Plugg,"Catarina H,eddy0",
Low,"Catarina H,eddy0",
Space,"Catarina H,sora9k",
Marseille,Catching Flies,
Doja,Central Cee,
CRG (feat. Dave),"Central Cee,Dave",
10 Carros,"Chefin,Mainstreet,LB Unico",
Tropa do Mais Novo,"Chefin,Vulgo FK,Mainstreet,Ajaxx",
VianaViceCity,Chico da Tina,
Freicken,Chico da Tina,
Deitei Tarde Acordei Late,Chico da Tina,
Nos Pimba,Chico da Tina,
Ronaldo,Chico da Tina,
Todo o Dia,Chico da Tina,
Resort,Chico da Tina,
Romantico,"Chico da Tina,DJ Wkilla",
Baby - Remix LYP2 (feat. Lil Noon),"Chico da Tina,Lil Noon",
F#ck Forex,"Chico da Tina,eddy0",
F#CK FOREX,"Chico da Tina,eddy0",
Princesa dos meus sonhos,"Chico da Tina,tripsyhell",
linda,"Chico da Tina,tripsyhell",
Castolo,"Chico da Tina,tripsyhell",
Chico Uzi Vert,"Chico da Tina,tripsyhell",
Special,"Chico da Tina,tripsyhell",
Chico & Tripsy,"Chico da Tina,tripsyhell",
Eu sei que ela volta,"Chico da Tina,tripsyhell",
mensagens do whatsapp (feat. Lil Ze & VirginGod),"Chico da Tina,tripsyhell,Lil Ze,VirginGod",
O meu drip brilha (feat. Puto Joule),"Chico da Tina,tripsyhell,puto joule",
Fada,"Chico da Tina,tripsyhell,vano1337",
Love Sosa,Chief Keef,
Les,Childish Gambino,
Redbone,Childish Gambino,
This Is America,Childish Gambino,
Bounce,Chippie,
Vidro,Chippie,
Danger,Chippie,
COMEBACK,Chippie,
Bowling,Chippie,
Teimoso #2,Chippie,
Linha,"Chippie,Ruben Carrington",
Look At Me Now (feat. Lil' Wayne & Busta Rhymes),"Chris Brown,Lil Wayne,Busta Rhymes",
Go Crazy,"Chris Brown,Young Thug",
Ease My Mind,"Chris Lake,Abel Balder",
jar of hearts,Christina Perri,
Rap Sh*t,"Classified,Dax,Snak The Ripper",
El Layali,Claudius Lawdy,
Love You Like That,Cloonee,
Tripasia,"Cloonee,Brisotti",
Mi Amor,"Cloonee,Wade",
Players,Coi Leray,
Every Teardrop Is a Waterfall,Coldplay,
Trouble,Coldplay,
The Hardest Part,Coldplay,
Lost+ (with Jay-Z),Coldplay,
Talk,Coldplay,
A Sky Full of Stars,Coldplay,
Speed of Sound,Coldplay,
Shiver,Coldplay,
Up&Up,Coldplay,
The Scientist,Coldplay,
Yellow,Coldplay,
True Love,Coldplay,
God Put a Smile upon Your Face,Coldplay,
In My Place,Coldplay,
Fix You,Coldplay,
Adventure of a Lifetime,Coldplay,
Strawberry Swing,Coldplay,
Orphans,Coldplay,
Hymn for the Weekend,Coldplay,
Life in Technicolor ii,Coldplay,
Everglow - Edit,Coldplay,
Miracles,Coldplay,
Violet Hill,Coldplay,
Charlie Brown,Coldplay,
Viva La Vida,Coldplay,
Clocks,Coldplay,
Paradise,Coldplay,
Everglow,Coldplay,
Magic,Coldplay,
Miracles (Someone Special),"Coldplay,Big Sean",
Princess of China - Radio Edit,"Coldplay,Rihanna",
Scatter Brain (feat. Ludacris & JID),"Conway the Machine,Ludacris,JID",
Ouch (That Hurts),Cooliecut,
Been Around,Cordae,
Old niggas,Cordae,
Kung Fu,Cordae,
Make Up Your Mind,Cordae,
Lost & Found,Cordae,
Have Mercy,Cordae,
Super,Cordae,
06 dreamin,Cordae,
Thornton Street,Cordae,
Wintertime,Cordae,
Taxes (from the Netflix Series We The People),Cordae,
Champagne Glasses (feat. Freddie Gibbs & Stevie Wonder),"Cordae,Freddie Gibbs,Stevie Wonder",
No Bad News (feat. Kanye West),"Cordae,Kanye West",
Sinister (feat. Lil Wayne),"Cordae,Lil Wayne",
More Life (feat. Q Tip),"Cordae,Q-Tip",
Fala Baixo,Cunamata,
Cafeina,"DJ Dadda,Plutonio",
The Art of Storytellin Pt. 4 (feat. Outkast & Marsha Ambrosius),"DJ Drama,Outkast,Marsha Ambrosius",
Guardian,"DJ HANSEN,Snoop Dogg,Rakim,Jadakiss",
POPSTAR (feat. Drake),"DJ Khaled,Drake",
Pandora,"DJ Matt D,Menor MC,MC GP,Vulgo FK",
Outro,"DJ Sas,Maradox",
Re-tratamento,Da Weasel,
BOP,DaBaby,
Goin Baby,DaBaby,
Masterpiece,DaBaby,
VIBEZ,DaBaby,
Suge,DaBaby,
Ball If I Want To,DaBaby,
Lonely (with Lil Wayne),"DaBaby,Lil Wayne",
BLIND (feat. Young Thug),"DaBaby,Young Thug",
Vizao de Cria 2,"Dallass,Anezzi,Tz da Coronel,Caio Luccas,PJ HOUDINI,MC Maneirinho,NADAMAL,Filipe Ret",
Skipping Stones,"Dan Reynolds,Hans Zimmer",
Strangers (feat. A$AP Rocky and Run The Jewels),"Danger Mouse,Black Thought,A$AP Rocky,Run The Jewels",
Screwface Capital,Dave,
Location (feat. Burna Boy),"Dave,Burna Boy",
Sprinter,"Dave,Central Cee",
Clash (feat. Stormzy),"Dave,Stormzy",
Dear God,Dax,
My Last Words,Dax,
Self Proclaimed,Dax,
She Cheated Again,Dax,
APOCALYPSE,Dax,
Be Your Fucking Self,Dax,
Child of God,Dax,
Book Of Revelations,Dax,
Dear Mom,Dax,
Don't Wanna Die Today,Dax,
I Want,Dax,
JOKER,Dax,
Propaganda,"Dax,Tom MacDonald",
i don't want another sorry,"Dax,Trippie Redd",
Verdade Ou Consequencia,Dealema,
Sala 101,Dealema,
Be Alright,Dean Lewis,
Lose My Mind - Acoustic,Dean Lewis,
Diz-me So,"Deau,Bezegol",
REBOLA TI TXON,"Deejay Rifox,TIA VIVIX,Active Boyz",
Mo Dred,"Deezy,Monsta",
I Know You So Well,"Denver Grey,David Eppik",
CLOUT COBAIN | CLOUT CO13A1N,Denzel Curry,
Ultimate,Denzel Curry,
DIET_,"Denzel Curry,Kenny Beats",
Broke,Dero Vibez,
Life Goal,"Dero Vibez,Real,Magno",
Gaiola,Di0g0,
Retrato,Di0g0,
Juvena,Dillaz,
Reflexo,Dillaz,
Faroleiro,Dillaz,
Homem da Sirene,Dillaz,
Avioneta,Dillaz,
O Proprio,Dillaz,
Caminho Errado,Dillaz,
Protagonista,Dillaz,
Madrigal,Dillaz,
Galileu,Dillaz,
Mo Boy,Dillaz,
1100 Cegonhas,Dillaz,
Sonhar Nesta Vida,Dillaz,
Saudade,Dillaz,
Interludio,Dillaz,
Rodinha,Dillaz,
Mango,Dillaz,
Maca,Dillaz,
Conto,Dillaz,
Papaia,Dillaz,
19/01,Dillaz,
Gravidade,"Dillaz,Lhast",
Se Olhares para o Caminho,"Dillaz,SPLIFF",
Esta Rua,"Dillaz,SPLIFF",
Paga para Ver,"Dillaz,SPLIFF",
Copo de Balao,"Dillaz,SPLIFF",
Gangsters A Sexta-Feira,"Dillaz,SPLIFF",
Querida Ja Nao Da,"Dillaz,VEECIOUS V",
Eu Estou Bem,"Dillaz,Vulto",
Do Enough,"Dillin Hoox,Eminem",
She’s Gone Dance On,Disclosure,
You & Me - Flume Remix,"Disclosure,Eliza Doolittle,Flume",
Let's Go 4,"Dj GBR,Mc IG,MC Ryan SP,MC PH,Mc Davi,Mc Luki,Mc Don Juan,Mc Kadu,TrapLaudo,MC GP,MC GH do 7",
Dubai,"Dj Yuri Pedrada,MC Neguinho do Kaxeta,MC Hariel,Vulgo FK,Mc Kadu",
Saving Up,Dom Dolla,
Pensamento Leve,Domi,
Ballin & Rollin,Don G,
Groupies,"Doode,Teto,Matue",
Hollaback Girl - Extended Mix,"Dot N Life,Flera",
00:00,Double C,
A Nossa,"Double Trouble,Tiwi",
Forgot About Dre,"Dr. Dre,Eminem",
Toosie Slide,Drake,
Papi’s Home,Drake,
TSU,Drake,
No Friends In The Industry,Drake,
What’s Next,Drake,
Nonstop,Drake,
Time Flies,Drake,
Final Fantasy,Drake,
Finesse,Drake,
0 To 100 / The Catch Up,Drake,
Middle of the Ocean,Drake,
BackOutsideBoyz,Drake,
Losses,Drake,
Behind Barz - Bonus,Drake,
Champagne Poetry,Drake,
God's Plan,Drake,
I'm Upset,Drake,
On BS,"Drake,21 Savage",
Major Distribution,"Drake,21 Savage",
Rich Flex,"Drake,21 Savage",
Jimmy Cooks (feat. 21 Savage),"Drake,21 Savage",
Knife Talk (with 21 Savage ft. Project Pat),"Drake,21 Savage,Project Pat",
On The Radar Freestyle,"Drake,Central Cee",
N 2 Deep,"Drake,Future",
Way 2 Sexy (with Future & Young Thug),"Drake,Future,Young Thug",
First Person Shooter (feat. J. Cole),"Drake,J. Cole",
Love All (with JAY-Z),"Drake,JAY-Z",
Girls Want Girls (with Lil Baby),"Drake,Lil Baby",
Wants and Needs (feat. Lil Baby),"Drake,Lil Baby",
Laugh Now Cry Later (feat. Lil Durk),"Drake,Lil Durk",
In The Bible (with Lil Durk & Giveon),"Drake,Lil Durk,GIVEON",
You Only Live Twice (with Lil Wayne & Rick Ross),"Drake,Lil Wayne,Rick Ross",
Lemon Pepper Freestyle (feat. Rick Ross),"Drake,Rick Ross",
Money In The Grave (Drake ft. Rick Ross),"Drake,Rick Ross",
Fair Trade (with Travis Scott),"Drake,Travis Scott",
One Dance,"Drake,Wizkid,Kyla",
Costa Rica (with Bas & JID feat. Guapdad 4000 Reese LAFLARE Jace Mez Smokepurpp Buddy & Ski Mask The Slump God),"Dreamville,Bas,JID,Guapdad 4000,Reese LAFLARE,Jace,Mez,Smokepurpp,Buddy,Ski Mask The Slump God",
Sacrifices (with EARTHGANG & J. Cole feat. Smino & Saba),"Dreamville,EARTHGANG,J. Cole,Smino,Saba",
Adonis Interlude (The Montage) (with J. Cole),"Dreamville,J. Cole",
Under The Sun (with J. Cole & Lute feat. DaBaby),"Dreamville,J. Cole,Lute,DaBaby",
Down Bad (feat. JID Bas J. Cole EARTHGANG & Young Nudy),"Dreamville,JID,Bas,J. Cole,EARTHGANG,Young Nudy",
Lingua dos Campeoes,"Drik Barbosa,Kamau,Rincon Sapiencia,Rashid,Gson,Holly Hood,Papillon,Sir Scratch",
September,Earth Wind & Fire,
Boyz-N-The-Hood,Eazy-E,
Gelato,"Eladio Carrion,Smokepurpp,Duki,hidemiyabi",
Hate Me (with Juice WRLD),"Ellie Goulding,Juice WRLD",
Can't Help Falling in Love,Elvis Presley,
Almost Famous,Eminem,
Marshall Mathers,Eminem,
Mockingbird,Eminem,
My Fault,Eminem,
My Name Is,Eminem,
Never Love Again,Eminem,
Not Afraid,Eminem,
Rap God,Eminem,
The Real Slim Shady,Eminem,
Renaissance,Eminem,
The Ringer,Eminem,
Role Model,Eminem,
Without Me,Eminem,
Say Goodbye Hollywood,Eminem,
Sing For The Moment,Eminem,
Space Bound,Eminem,
Stay Wide Awake,Eminem,
Still Don't Give A Fuck,Eminem,
Tone Deaf,Eminem,
Venom - Music From The Motion Picture,Eminem,
The Way I Am,Eminem,
When I'm Gone,Eminem,
White America,Eminem,
Who Knew,Eminem,
Rock Bottom,Eminem,
Lose Yourself,Eminem,
Marsh,Eminem,
Legacy,Eminem,
3 a.m.,Eminem,
Alfred’s Theme,Eminem,
Arose,Eminem,
Beautiful,Eminem,
Berzerk,Eminem,
Brain Damage,Eminem,
Business,Eminem,
Careful What You Wish For,Eminem,
Cleanin' Out My Closet,Eminem,
Cold Wind Blows,Eminem,
Criminal,Eminem,
Darkness,Eminem,
Deja Vu,Eminem,
Discombobulated,Eminem,
Drug Ballad,Eminem,
Fall,Eminem,
Gnat,Eminem,
Going Through Changes,Eminem,
Hailie's Song,Eminem,
Higher,Eminem,
Houdini,Eminem,
If I Had,Eminem,
I'm Shady,Eminem,
Infinite,Eminem,
Just Don't Give A Fuck,Eminem,
Killer,Eminem,
Killshot,Eminem,
Kill You,Eminem,
Kim,Eminem,
Little Engine,Eminem,
As The World Turns,Eminem,
Ridaz,Eminem,
Kamikaze,Eminem,
You’re Never Over,Eminem,
Is This Love ('09) (feat. 50 Cent),"Eminem,50 Cent",
Amityville,"Eminem,Bizarre",
When The Music Stops,"Eminem,D12",
Under The Influence,"Eminem,D12",
Stan,"Eminem,Dido",
Guilty Conscience,"Eminem,Dr. Dre",
Crack A Bottle,"Eminem,Dr. Dre,50 Cent",
Guns Blazing (feat. Dr. Dre & Sly Pyper),"Eminem,Dr. Dre,Sly Pyper",
Bitch Please II,"Eminem,Dr. Dre,Snoop Dogg,Xzibit,Nate Dogg",
My Dad's Gone Crazy,"Eminem,Hailie Jade",
Killer (feat. Jack Harlow & Cordae) - Remix,"Eminem,Jack Harlow,Cordae",
Lucky You (feat. Joyner Lucas),"Eminem,Joyner Lucas",
Godzilla (feat. Juice WRLD),"Eminem,Juice WRLD",
No Love (feat. Lil Wayne),"Eminem,Lil Wayne",
Till I Collapse,"Eminem,Nate Dogg",
Drips,"Eminem,Obie Trice",
Won't Back Down (feat. P!nk),"Eminem,P!nk",
Not Alike (feat. Royce Da 5'9),"Eminem,Royce Da 5'9",
From The D 2 The LBC (with Snoop Dogg),"Eminem,Snoop Dogg",
Habits,"Eminem,White Gold",
Body & Soul (feat. Biig Piig),"Emotional Oranges,Biig Piig",
El Cuervo,Endor,
Tears in Heaven,Eric Clapton,
Tears in Heaven - Acoustic; Live at MTV Unplugged Bray Film Studios Windsor England UK 1/16/1992; 2013 Remaster,Eric Clapton,
Ella Baila Sola,"Eslabon Armado,Peso Pluma",
Planeta Novo,Estraca,
Por Nos,Estraca,
Terra Nostra,Estraca,
Chinatown,"Estraca,Chippie",
ChinaTown,"Estraca,Chippie",
Palavras,"Estraca,Madkutz",
Imagina,"FRANKIEONTHEGUITAR,Slow J,Ivandro",
Tempo,"FRANKIEONTHEGUITAR,T-Rex,LON3R JOHNY,Bispo",
underwater,"FRANKIEONTHEGUITAR,Van Zee,Diogo Picarra",
Casa,Fakietrapflip,
Medicamentos,Fakietrapflip,
Hoes Mad,Famous Dex,
PICK IT UP (feat. A$AP Rocky),"Famous Dex,A$AP Rocky",
Rasta Got Soul,Fantan Mojah,
Playstation,Ferry RBL,
Clark Kent,Ferry RBL,
Good Vibe,"Filipe Ret,Caio Luccas,Dallass",
F* F* M*,"Filipe Ret,Dallass",
Corte Americano,"Filipe Ret,L7NNON,Chris Beats Zn",
Richer Than Ever,"Fivio Foreign,Rich The Kid",
Pumped Up Kicks,Foster The People,
Into Dust (Still Falling),Four Tet,
Pyramids,Frank Ocean,
Dear April (Side A - Acoustic),Frank Ocean,
Novacane,Frank Ocean,
Chanel,Frank Ocean,
Nights,Frank Ocean,
Ivy,Frank Ocean,
In My Room,Frank Ocean,
Biking,"Frank Ocean,JAY-Z,Tyler The Creator",
My Way,Frank Sinatra,
That's Life,Frank Sinatra,
Fly Me To The Moon,"Frank Sinatra,Count Basie",
Out The Fire (At The Hotel) - Radio Edit,"Franky Rizardo,Ros T,Eunice Collins",
Make Me Feel Free,Franky Wah,
places to be,"Fred again..,Anderson .Paak,CHIKA",
glow,"Fred again..,Duskus,Four Tet,Joy Anonymous,Skrillex",
adore u,"Fred again..,Obongjayar",
Baby $hit,"Freddie Gibbs,The Alchemist",
God Is Perfect,"Freddie Gibbs,The Alchemist",
Back 2 the Basics,FullClipCash,
The City is a Jungle,"Fumaxa,Richie Campbell,Julinho Ksd",
What a Day!,"Futon Don,bbno$",
Fuck Up Some Commas,Future,
Flip,Future,
Mask Off,Future,
Tycoon,Future,
WIFI LIT,Future,
Life Is Good (feat. Drake),"Future,Drake",
Mask Off (feat. Kendrick Lamar) - Remix,"Future,Kendrick Lamar",
Last Name (feat. Lil Durk),"Future,Lil Durk",
Drankin N Smokin,"Future,Lil Uzi Vert",
Like That,"Future,Metro Boomin,Kendrick Lamar",
SOUTH OF FRANCE - REMIX,"Future,Travis Scott",
Trillionaire (feat. Youngboy Never Broke Again),"Future,YoungBoy Never Broke Again",
PTSD,"G Herbo,Juice WRLD,Lil Uzi Vert,Chance the Rapper",
Collina,GROGNation,
Como Tu,"GROGNation,Filipe Goncalves",
Voodoo,"GROGNation,Filipe Goncalves",
Body,"GROGNation,Sam The Kid",
Distante,"GROGNation,Vinil",
PETETE,Gambi,
Heavy Metal,"Glad Max,XEG",
Who's Gonna Save My Soul,Gnarls Barkley,
On Melancholy Hill,Gorillaz,
Rhinestone Eyes,Gorillaz,
Feel Good Inc.,"Gorillaz,De La Soul",
Clint Eastwood,"Gorillaz,Del The Funky Homosapien",
DARE (feat. Shaun Ryder & Roses Gabor),"Gorillaz,Shaun Ryder,Roses Gabor",
Somebody That I Used To Know,"Gotye,Kimbra",
Basket Case,Green Day,
American Idiot,Green Day,
Wake Me up When September Ends,Green Day,
21 Guns,Green Day,
Ate Que Durou / Tu Mandas No Meu Coracao / Adorei / Supera,Grupo Menos E Mais,
Coracao Partido (Corazon Partio) - Ao Vivo,Grupo Menos E Mais,
Vai Me Dando Corda - Ao Vivo,"Grupo Menos E Mais,Di Proposito,Vou Zuar",
Lapada Dela - Ao Vivo,"Grupo Menos E Mais,Matheus Fernandes",
Matadinha De Saudade - Ao Vivo,"Grupo Menos E Mais,Xand Aviao",
Farda,Gson,
Cocaina,"Gson,Kroa,Chris MC,Giovanni,Zara G,Xama,Luccas Carlos,Pineapple StormTv",
314,"Gson,Slow J,Sam The Kid",
Wake Up in the Sky,"Gucci Mane,Bruno Mars,Kodak Black",
There I Go (feat. J. Cole & Mike WiLL Made-It),"Gucci Mane,J. Cole,Mike WiLL Made-It",
back at it,Gunna,
back to the moon,Gunna,
on one tonight,Gunna,
paybach,Gunna,
fukumean,Gunna,
WUNNA,Gunna,
one of wun,Gunna,
P power (feat. Drake),"Gunna,Drake",
DOLLAZ ON MY HEAD (feat. Young Thug),"Gunna,Young Thug",
Nada Com Nada - Ao Vivo,"Gustavo Mioto,Grupo Menos E Mais",
Hollaback Girl,Gwen Stefani,
Ultima Deixa,"HERE´S JOHNNY,Gson",
Pa Lante,"HUGEL,Ryan Arnold,El Chuape",
PERDIDO,"Hachibae,Yuuta",
Azia Freestyle,Harold,
Tu Me Amas,Harold,
Bora,"Harold,nastyfactor",
Ain't It Different (feat. AJ Tracey & Stormzy),"Headie One,AJ Tracey,Stormzy",
Only You Freestyle,"Headie One,Drake",
WCF,Hil Holla,
Nemesis,Holly Hood,
Agua do Crime,Holly Hood,
24 (Liga Betclic),Holly Hood,
Miuda,Holly Hood,
Cobras e Ratazanas,Holly Hood,
Ignorante,Holly Hood,
Cala a Boca,Holly Hood,
Facil,Holly Hood,
Peso,Holly Hood,
Panorama,Holly Hood,
Some (feat. Gson),"Holly Hood,Gson",
Puro,Holympo,
We Don't Luv Em,HoodRich Pablo Juan,
Shut up My Moms Calling,Hotel Ugly,
Take Me To Church,Hozier,
Too Sweet,Hozier,
It's My Ego,Ice Cube,
You Know How We Do It,Ice Cube,
No Vaseline,Ice Cube,
Why We Thugs,Ice Cube,
It Was A Good Day,Ice Cube,
Check Yo Self - Remix,"Ice Cube,Das EFX",
Mind Level,Illu$trious,
Demons,Imagine Dragons,
It Comes Back To You,Imagine Dragons,
Monster,Imagine Dragons,
On Top Of The World,Imagine Dragons,
Radioactive,Imagine Dragons,
Trouble,Imagine Dragons,
Hear Me,Imagine Dragons,
Whatever It Takes,Imagine Dragons,
Dream,Imagine Dragons,
It's Time,Imagine Dragons,
Release,Imagine Dragons,
I’m So Sorry,Imagine Dragons,
My Fault,Imagine Dragons,
Tiptoe,Imagine Dragons,
Gold,Imagine Dragons,
Polaroid,Imagine Dragons,
I’ll Make It Up To You,Imagine Dragons,
Burn Out,Imagine Dragons,
Friction,Imagine Dragons,
Bleeding Out,Imagine Dragons,
Roots,Imagine Dragons,
Dancing In The Dark,Imagine Dragons,
Selene,Imagine Dragons,
Smoke And Mirrors,Imagine Dragons,
Believer,Imagine Dragons,
Battle Cry,Imagine Dragons,
Second Chances,Imagine Dragons,
Who We Are,Imagine Dragons,
The Unknown,Imagine Dragons,
Thief,Imagine Dragons,
Round And Round,Imagine Dragons,
Natural,Imagine Dragons,
Bad Liar,Imagine Dragons,
Thunder,Imagine Dragons,
Follow You,Imagine Dragons,
Thunder / Young Dumb & Broke (with Khalid) - Medley,"Imagine Dragons,Khalid",
Dance with the Devil,Immortal Technique,
Bandidas,"Instinto 26,Julinho Ksd,Kibow,Yuran,Trista",
Je m'en Fous,"Instinto 26,Trista,Yuran,Julinho Ksd,Kibow",
Lemonade (feat. Gunna Don Toliver & NAV),"Internet Money,Gunna,Don Toliver,NAV",
Somebody,"Internet Money,Lil Tecca,A Boogie Wit da Hoodie",
Over the Rainbow,Israel Kamakawiwo'ole,
Somewhere Over The Rainbow_What A Wonderful World,Israel Kamakawiwo'ole,
Lua,Ivandro,
Chakras,"Ivandro,Julinho Ksd",
Chamadas,"Ivandro,Van Zee",
Love Yourz,J. Cole,
Lost Ones,J. Cole,
Lion King On Ice,J. Cole,
Kevin’s Heart,J. Cole,
January 28th,J. Cole,
i n t e r l u d e,J. Cole,
cLOUDs,J. Cole,
G.O.M.D.,J. Cole,
03’ Adolescence,J. Cole,
9 5 . s o u t h,J. Cole,
4 Your Eyez Only,J. Cole,
G.O.M.D,J. Cole,
03' Adolescence,J. Cole,
High For Hours,J. Cole,
MIDDLE CHILD,J. Cole,
a m a r i,J. Cole,
No Role Modelz,J. Cole,
everybody dies,J. Cole,
Dead Presidents,J. Cole,
College Boy,J. Cole,
Work Out,J. Cole,
c l o s e,J. Cole,
Before I'm Gone,J. Cole,
Wet Dreamz,J. Cole,
Too Deep for the Intro,J. Cole,
A Tale Of 2 Citiez,J. Cole,
t h e . c l i m b . b a c k,J. Cole,
Rich Niggaz,J. Cole,
p u n c h i n ‘ . t h e . c l o c k,J. Cole,
Back to the Topic,J. Cole,
ATM,J. Cole,
a p p l y i n g . p r e s s u r e,J. Cole,
Fire Squad,J. Cole,
m y . l i f e (with 21 Savage & Morray),"J. Cole,21 Savage,Morray",
Pricey (feat. Ari Lennox Young Dro & Gucci Mane),"J. Cole,Ari Lennox,Young Dro,Gucci Mane",
1 0 0 . m i l ‘ (with Bas),"J. Cole,Bas",
h u n g e r . o n . h i l l s i d e (with Bas),"J. Cole,Bas",
l e t . g o . m y . h a n d (with Bas & 6LACK),"J. Cole,Bas,6LACK",
Folgers Crystals,"J. Cole,Dreamville",
Forbidden Fruit (feat. Kendrick Lamar),"J. Cole,Kendrick Lamar",
p r i d e . i s . t h e . d e v i l (with Lil Baby),"J. Cole,Lil Baby",
Crooked Smile (feat. TLC),"J. Cole,TLC",
GATTI,"JACKBOYS,Pop Smoke,Travis Scott",
GANG GANG,"JACKBOYS,Sheck Wes",
Welcome To The People,JADED,
U Don't Know,JAY-Z,
Empire State Of Mind,"JAY-Z,Alicia Keys",
Ni**as In Paris,"JAY-Z,Kanye West",
Numb / Encore,"JAY-Z,Linkin Park",
Off Deez (with J. Cole),"JID,J. Cole",
WHATS POPPIN,Jack Harlow,
Way Out (feat. Big Sean),"Jack Harlow,Big Sean",
WHATS POPPIN (feat. DaBaby Tory Lanez & Lil Wayne) - Remix,"Jack Harlow,Tory Lanez,DaBaby,Lil Wayne",
Like a Million (feat. Kodak Black),"Jackboy,Kodak Black",
Got It,Jaden,
Icon,Jaden,
Chateau,"Jaden,A$AP Rocky",
No Safety,Jaisean,
Loose End,Jaisean,
Goodbye My Lover,James Blunt,
Bonfire Heart,James Blunt,
Carry You Home,James Blunt,
You're Beautiful,James Blunt,
Broken Strings,"James Morrison,Nelly Furtado",
Baddy On The Floor,"Jamie xx,Honey Dijon",
Life,"Jamie xx,Robyn",
I'm Yours,Jason Mraz,
OSOM (feat. J. Cole),"Jay Rock,J. Cole",
Hood Gone Love It (feat. Kendrick Lamar),"Jay Rock,Kendrick Lamar",
Wow Freestyle (feat. Kendrick Lamar),"Jay Rock,Kendrick Lamar",
King's Dead (with Kendrick Lamar Future & James Blake),"Jay Rock,Kendrick Lamar,Future,James Blake",
Both Of Us - Edit,Jayda G,
Bel Mercy,Jengi,
Drunfos,Jeoba,
Prego a fundo,Jimmy P,
badman ting,"Joao Maia Ferreira,ProfJam",
Ovelha Negra,"Joao Tamura,Beiro,xtinto,Pedra",
Love Is Only a Feeling,Joey Bada$$,
Pardon Me,Joey Bada$$,
Survival Tactics,"Joey Bada$$,Capital Steez",
Tables,Joey Trap,
Nemo,Joey Trap,
Lesley,Joey Trap,
BIRDIES,Joey Trap,
Alexis,Joey Trap,
Squidwards Nose (feat. Kg Prince),"Joey Trap,Kg Smokey,Kg Prince",
Imagine - Remastered 2010,John Lennon,
Stand By Me - Remastered 2010,John Lennon,
MONEYPUXAMONEY!,"Joint One,Yung Juse",
Tou Na Festa,"Joint One,Yung Juse",
Neverland Girl,Jonah Deich,
Better Days,"Josh Alias,Blaq Kush",
Magalenha,Joshwa,
My Humps,"Joshwa,Lee Foss",
Will,Joyner Lucas,
The Problem,Joyner Lucas,
Keep It 100,Joyner Lucas,
I'm Not Racist,Joyner Lucas,
I Love,Joyner Lucas,
I Lied (Intro),Joyner Lucas,
Lotto,Joyner Lucas,
Devil's Work,Joyner Lucas,
Evolution,Joyner Lucas,
Revenge,Joyner Lucas,
Ross Capicchioni,Joyner Lucas,
Snitch,Joyner Lucas,
Str8 Like Dat,Joyner Lucas,
Wwjd,Joyner Lucas,
ADHD,Joyner Lucas,
Finally (feat. Chris Brown),"Joyner Lucas,Chris Brown",
Like a River (feat. Elijah James),"Joyner Lucas,Elijah James",
Your Heart,"Joyner Lucas,J. Cole",
Ramen & OJ,"Joyner Lucas,Lil Baby",
Isis (feat. Logic),"Joyner Lucas,Logic",
Legend (feat. Rick Ross),"Joyner Lucas,Rick Ross",
Lucid Dreams,Juice WRLD,
Armed And Dangerous,Juice WRLD,
All Girls Are The Same,Juice WRLD,
Legends,Juice WRLD,
HeMotions,Juice WRLD,
Let Me Know (I Wonder Why Freestyle),Juice WRLD,
Wishing Well,Juice WRLD,
Robbery,Juice WRLD,
Righteous,Juice WRLD,
Rich And Blind,Juice WRLD,
Maze,Juice WRLD,
Can't Die,Juice WRLD,
Life's A Mess II (with Clever & Post Malone),"Juice WRLD,Clever,Post Malone",
Smile (with The Weeknd),"Juice WRLD,The Weeknd",
Bad Boy (with Young Thug),"Juice WRLD,Young Thug",
Bandit (with YoungBoy Never Broke Again),"Juice WRLD,YoungBoy Never Broke Again",
Cafune,Julinho Ksd,
Conclusao,Julinho Ksd,
Hoji N'ka ta Rola,Julinho Ksd,
Sentimento Safari,Julinho Ksd,
Stunka,Julinho Ksd,
Sabi na Sabura,Julinho Ksd,
Monica,"Julinho Ksd,Soraia Ramos",
Vivi Good,"Julinho Ksd,Yuran,Trista",
Let's Go Back,Jungle,
Back On 74,Jungle,
Promises,Junior Simba,
GUCCI COLOGNE,K$upreme,
It's Whatever (feat. Future),"K$upreme,Future",
Lover/Friend,"KAYTRANADA,Rochelle Jordan",
Good Shit,"KILIMANJARO,LEILAH",
Dia de Chuva,"Kaines,Simple",
The Finer Things,"Kankick,Dr. Oop",
On the Lookout,"Kankick,Kombo,Wild Child",
Personnalite,"Kant,Chiocki,Sobs,Sueth,UCLA",
24,Kanye West,
Bound 2,Kanye West,
Believe What I Say,Kanye West,
Father Stretch My Hands Pt. 1,Kanye West,
Wolves,Kanye West,
Violent Crimes,Kanye West,
Through The Wire,Kanye West,
Stronger,Kanye West,
Selah,Kanye West,
Pure Souls,Kanye West,
Praise God,Kanye West,
Ok Ok,Kanye West,
Off The Grid,Kanye West,
No Child Left Behind,Kanye West,
New Again,Kanye West,
Nah Nah Nah,Kanye West,
Moon,Kanye West,
Lord I Need You,Kanye West,
POWER,Kanye West,
Jonah,Kanye West,
Jesus Lord,Kanye West,
Jail,Kanye West,
Champion,Kanye West,
I Wonder,Kanye West,
Hurricane,Kanye West,
Heaven and Hell,Kanye West,
Heartless,Kanye West,
Come to Life,Kanye West,
Good Morning,Kanye West,
Junya,Kanye West,
Donda,Kanye West,
Follow God,Kanye West,
Fade,Kanye West,
Everything I Am,"Kanye West,DJ Premier",
Never Let Me Down,"Kanye West,JAY-Z,J. Ivy",
Gold Digger,"Kanye West,Jamie Foxx",
I Love It (& Lil Pump),"Kanye West,Lil Pump",
Runaway,"Kanye West,Pusha T",
Devil In A New Dress,"Kanye West,Rick Ross",
All Falls Down,"Kanye West,Syleena Johnson",
Wash Us In The Blood,"Kanye West,Travis Scott",
Nao Chora Mais,Kappa Jotta,
Pela Cidade,Kappa Jotta,
Good Life,Kappa Jotta,
Licor 43,"KayBlack,CVSTRO,Wall Hein,AMUSIK",
Bonjour,"KayBlack,Marquinho no Beat",
Vestido da Fendi,"KayBlack,Marquinho no Beat,Wall Hein",
Segredo,"KayBlack,Marquinho no Beat,Wall Hein",
Preferida,"KayBlack,Wall Hein",
Maturidade,"KayBlack,Wall Hein,AMUSIK",
Freestyle,"KayBlack,Wall Hein,Yokame",
Everybody's Changing,Keane,
Somewhere Only We Know,Keane,
Not Like Us,Kendrick Lamar,
HUMBLE.,Kendrick Lamar,
King Kunta,Kendrick Lamar,
untitled 07 | levitate,Kendrick Lamar,
meet the grahams,Kendrick Lamar,
untitled 07 | 2014 - 2016,Kendrick Lamar,
N95,Kendrick Lamar,
PRIDE.,Kendrick Lamar,
reincarnated,Kendrick Lamar,
Rigamortus,Kendrick Lamar,
Sherane a.k.a Master Splinter’s Daughter,Kendrick Lamar,
Sing About Me I'm Dying Of Thirst,Kendrick Lamar,
Swimming Pools (Drank) - Extended Version,Kendrick Lamar,
u,Kendrick Lamar,
United In Grief,Kendrick Lamar,
untitled 01 | 08.19.2014.,Kendrick Lamar,
untitled 02 | 06.23.2014.,Kendrick Lamar,
untitled 03 | 05.28.2013.,Kendrick Lamar,
HiiiPower,Kendrick Lamar,
untitled 05 | 09.21.2014.,Kendrick Lamar,
The Heart Part 4,Kendrick Lamar,
A.D.H.D,Kendrick Lamar,
Alright,Kendrick Lamar,
The Art of Peer Pressure,Kendrick Lamar,
Backseat Freestyle,Kendrick Lamar,
Bitch Don’t Kill My Vibe,Kendrick Lamar,
The Heart Part 5,Kendrick Lamar,
DNA.,Kendrick Lamar,
BLOOD.,Kendrick Lamar,
ELEMENT.,Kendrick Lamar,
euphoria,Kendrick Lamar,
FEAR.,Kendrick Lamar,
DUCKWORTH.,Kendrick Lamar,
My People,Kendrick Lamar & Jay Rock,
These Walls,"Kendrick Lamar,Bilal,Anna Wise,Thundercat",
Poetic Justice,"Kendrick Lamar,Drake",
Money Trees,"Kendrick Lamar,Jay Rock",
m.A.A.d city,"Kendrick Lamar,MC Eiht",
All The Stars (with SZA) - From Black Panther: The Album,"Kendrick Lamar,SZA",
Father Time (feat. Sampha),"Kendrick Lamar,Sampha",
We Cry Together,"Kendrick Lamar,Taylour Paige",
Big Shot (with Travis Scott),"Kendrick Lamar,Travis Scott",
LOVE. FEAT. ZACARI.,"Kendrick Lamar,Zacari",
Culturista,"Kenny Berg,Chico da Tina",
FR,Kenny Muney,
FWTD,"Kenny Muney,Peewee Longway",
Walls Talking,Kevin Gates,
Work,"Kevin McKay,Pupa Nas T,Denise Belfon",
Gang Shit No Lame Shit,Key Glock,
She Knows This,Kid Cudi,
Tequila Shots,Kid Cudi,
Day 'N' Nite (Nightmare),Kid Cudi,
Day 'N' Nite,"Kid Cudi,Crookers",
Show Out (with Skepta & Pop Smoke),"Kid Cudi,Skepta,Pop Smoke",
Camoes,Kid Fredo,
FILIGRANA,Kid Fredo,
SANGUE NA MORADIA,Kid Fredo,
Biggie Biggie Biggie,King Bigs,
Respeita o Crime (feat. King Shadd & King David),"King Bigs,King Shadd,King David",
Easter In Miami,Kodak Black,
Last Day In,Kodak Black,
Pimpin Ain't Eazy,Kodak Black,
Every Balmain,Kodak Black,
ZEZE (feat. Travis Scott & Offset),"Kodak Black,Offset,Travis Scott",
Roll in Peace (feat. XXXTENTACION),"Kodak Black,XXXTENTACION",
High Hopes,Kodaline,
BLAH,"Kota the Friend,Statik Selektah,Logic",
Passas Mal,"Kristoman,Real Punch",
So into You,Kwoat,
Dog Food,Kwoat,
Baby Fever,Kwoat,
Lose Somebody,"Kygo,OneRepublic",
Freio da Blazer,"L7NNON,Ajaxx",
To Live & Die In Amerikkka,LB199X,
FAMA,LEO2745,
MONCLER,"LEO2745,HOODZ",
STAY FLY,LON3R JOHNY,
Drip,LON3R JOHNY,
Crystal Castle,LON3R JOHNY,
Dubai,"LON3R JOHNY,CRIPTA",
UH LA LA LA,"LON3R JOHNY,Plutonio",
PINA COLADA,"LON3R JOHNY,Plutonio",
DINAMITE,"LON3R JOHNY,ProfJam",
DOVE,"LON3R JOHNY,ProfJam",
0044,"LON3R JOHNY,ProfJam",
DAMN / SKY (feat. ProfJam),"LON3R JOHNY,ProfJam",
BALOES,"LON3R JOHNY,ProfJam",
PURO,"LON3R JOHNY,ProfJam",
WINNER,"LON3R JOHNY,ProfJam",
HALLYWUD,"LON3R JOHNY,ProfJam",
ADA,LOUIS DVART,
Address It,LPB Poody,
Sua Preferida,"LUDMILLA,WIU,MC Kevin o Chris",
Jealous,Labrinth,
Before You Go,Lewis Capaldi,
Bruises,Lewis Capaldi,
So Pra Mim,Lhast,
EViL,Lhast,
jND (feat. 9 Miller),"Lhast,9 Miller",
O Clima,"Lhast,Dillaz",
ES7ADIO,"Lhast,Rafaell Dior,T-Rex",
2020 (feat. Slow J),"Lhast,Slow J",
You And Me,Lifehouse,
Woah,Lil Baby,
Pure Cocaine,Lil Baby,
Errbody,Lil Baby,
Social Distancing,Lil Baby,
On Me,Lil Baby,
Sum 2 Prove,Lil Baby,
Freestyle,Lil Baby,
Yes Indeed,"Lil Baby,Drake",
Drip Too Hard (Lil Baby & Gunna),"Lil Baby,Gunna",
Life Goes On,"Lil Baby,Gunna,Lil Uzi Vert",
Sad Nigga Hours,"Lil Boom,904TEZZO",
Family Freestyle,"Lil Dann,Lil Baby",
Backdoor,Lil Durk,
Missiles (feat. Trippie Redd),"Lil Gnar,Trippie Redd",
MATHEMATICAL DISRESPECT,Lil Mabu,
Noticed,Lil Mosey,
Old Town Road,Lil Nas X,
INDUSTRY BABY (feat. Jack Harlow),"Lil Nas X,Jack Harlow",
Phone,"Lil Noon,tripsyhell",
Falling Down - Bonus Track,"Lil Peep,XXXTENTACION",
Butterfly Doors,Lil Pump,
Molly,Lil Pump,
Gucci Gang,Lil Pump,
Face Card,Lil Pump,
D Rose,Lil Pump,
Lust,Lil Skies,
Nowadays (feat. Landon Cube),"Lil Skies,Landon Cube",
Havin My Way (feat. Lil Durk),"Lil Skies,Lil Durk",
Creeping (feat. Rich the Kid),"Lil Skies,Rich The Kid",
Did It Again,Lil Tecca,
Miss Me,Lil Tecca,
Ransom,Lil Tecca,
Out Of Love (feat. Internet Money),"Lil Tecca,Internet Money",
F.N,Lil Tjay,
Calling My Phone,"Lil Tjay,6LACK",
Days Come and Go,Lil Uzi Vert,
Grab the Wheel,Lil Uzi Vert,
That's a Rack,Lil Uzi Vert,
Sanguine Paradise,Lil Uzi Vert,
P2,Lil Uzi Vert,
Money Longer,Lil Uzi Vert,
444+222,Lil Uzi Vert,
20 Min,Lil Uzi Vert,
Futsal Shuffle 2020,Lil Uzi Vert,
Baby Pluto,Lil Uzi Vert,
XO Tour Llif3,Lil Uzi Vert,
Go Off (with Lil Uzi Vert Quavo & Travis Scott),"Lil Uzi Vert,Quavo,Travis Scott",
Aye (feat. Travis Scott),"Lil Uzi Vert,Travis Scott",
Best Rapper Alive,Lil Wayne,
B.B. King Freestyle (with Drake),"Lil Wayne,Drake",
Sucker for Pain (with Wiz Khalifa Imagine Dragons Logic & Ty Dolla $ign feat. X Ambassadors),"Lil Wayne,Wiz Khalifa,Imagine Dragons,X Ambassadors,Logic,Ty Dolla $ign",
Betrayed,Lil Xan,
Flex Up (feat. Future & Playboi Carti),"Lil Yachty,Future,Playboi Carti",
The Secret Recipe,"Lil Yachty,J. Cole",
Yacht Club (feat. Juice WRLD),"Lil Yachty,Juice WRLD",
T.D (Lil Yachty & Tierra Whack feat. A$AP Rocky & Tyler The Creator),"Lil Yachty,Tierra Whack,A$AP Rocky,Tyler The Creator",
Flex,"Lil Ze,Catarina H",
Somewhere Only We Know,Lily Allen,
In the End,Linkin Park,
Numb,Linkin Park,
One Step Closer,Linkin Park,
What I've Done,Linkin Park,
The Mixation,Lisandro GSB,
My Way,Logic,
Tetris,Logic,
Nikki,Logic,
No Pressure Intro,Logic,
Man Of The Year,Logic,
LaDonda,Logic,
Intro,Logic,
God Might Judge,Logic,
Gang Related,Logic,
Under Pressure,Logic,
Perfect,Logic,
Flawless,Logic,
The Come Up,Logic,
Bleed It,Logic,
BLACKWHITEBOY,Logic,
All I Do,Logic,
5 Hooks,Logic,
44 Bars,Logic,
Soul Food II,Logic,
We Get High,Logic,
Theme For The People,Logic,
Carnival (feat. AZ),"Logic,AZ",
In my lifetime (feat. Action Bronson),"Logic,Action Bronson",
1-800-273-8255,"Logic,Alessia Cara,Khalid",
Ballin,"Logic,Castro",
Inside (feat. Cynthia Erivo),"Logic,Cynthia Erivo",
Vinyl Days (feat. DJ Premier),"Logic,DJ Premier",
Homicide (feat. Eminem),"Logic,Eminem",
Clouds (feat. Langston Bristol & Curren$y),"Logic,Langston Bristol,Curren$y",
Orville (feat. Like Blu & Exile),"Logic,Like,Blu,Exile",
Everyday,"Logic,Marshmello",
Introducing Nezi (feat. Nezi Momodu),"Logic,Nezi Momodu",
Porta one (feat. RZA),"Logic,RZA",
Ten Years (feat. Royce Da 5'9''),"Logic,Royce Da 5'9",
Therapy Music (feat. Russ),"Logic,Russ",
I guess I love it (feat. The Game),"Logic,The Game",
Breath Control (feat. Wiz Khalifa),"Logic,Wiz Khalifa",
Kickstyle feat. iamJMARS Big Lenbo & C Dot Castro),"Logic,iamJMARS,Big Lenbo,C Dot Castro",
INEFAVEL (feat. Leviano),"Long beatz,Tz da Coronel,Xama,Leviano",
NO SAFETY,Louie Indigo,
La vie en rose,Louis Armstrong,
What A Wonderful World,Louis Armstrong,
Want You In My Soul - Radio Edit,"Lovebirds,Stee Downes",
Wrong,Luh Kel,
GED (Gettin Every Dolla),Lute,
Navegar,Lutz,
ESSENCIA DE CRIA,"MC Cabelinho,Bielzin,Mc Poze do Rodo,Tz da Coronel,Neo Beats",
FOGO E GASOLINA,"MC Cabelinho,Cyclope Beatz,Red,meLLo",
X1,"MC Cabelinho,Dallass",
NE SEGREDO,"MC Cabelinho,Victor WAO,Bairro 13",
Bimba Y Lola,MC Caixa Doculos,
Oculos do Drip,MC Caixa Doculos,
Cartao Black,"MC Caverinha,KayBlack,Wall Hein",
Tenho Que Me Decidir,"MC PH,Borges,WIU,Pedro Lotto,WEY",
Dopamina,"MC PH,Ivandro,Nenny,Mukab,WEY,Pedro Lotto",
Os Menino Ta Com o Pacote,"MC PH,Murillo e LT no Beat,Solanno,011Frank",
Dentro Da Mala,"MC PH,Teto,Pedro Lotto,WEY",
Vem Desestressar,"MC PH,Vulgo FK,Veigh,Pedro Lotto,prodbyeros",
L.O.M.,"MOBBERS,ProfJam,T-Rex",
Get Em Up,Mac Miller,
Self Care,Mac Miller,
Small Worlds,Mac Miller,
The Spins,Mac Miller,
Outside,Mac Miller,
Poppy,Mac Miller,
Nikes on My Feet,Mac Miller,
Hurt Feelings,Mac Miller,
Circles,Mac Miller,
Nikes On My Feet,Mac Miller,
Paper Route,"Mac Miller,Chevy Woods",
The Spins,"Mac Miller,Empire Of The Sun",
The Question,"Mac Miller,Lil Wayne",
Sleep 4Ever (with blackbear),"Maggie Andrew,blackbear",
Apontamentos,"Manilha,XEG",
Debaixo da Ponte,"Maradox,Ciryllo",
Blackoak,Maribou State,
She Will Be Loved - Radio Mix,Maroon 5,
Memories,Maroon 5,
Cocaina,Mason Talbot,
Antes,Matue,
Anos Luz,Matue,
Crack com Mussilon,Matue,
Gorilla Roxo,Matue,
777-666,Matue,
Reza do Milhao,Matue,
Quer Voar,Matue,
A Morte do Autotune,Matue,
Maquina do Tempo,Matue,
Sem Do,"Matue,L7NNON",
Banco,"Matue,Predella",
Conexoes de Mafia (feat. Rich The Kid),"Matue,Rich The Kid",
Imagina esse Cenario,"Matue,Veigh",
Vampiro,"Matue,WIU,Teto",
Roca Roca 3,Mc Brinquedo,
Automotivo Vai Toma,"Mc Gw,Mc Delux,DJ Lemix,DJ VH",
Diz Ai Qual e o Plano?,"Mc IG,MC Ryan SP,Oruam,MC PH,Mc Poze do Rodo,MC GP,TrapLaudo,Mc Luki,MC GH do 7,MC Nego Micha,Murillo e LT no Beat",
A Cara do Crime (Nos Incomoda),"Mc Poze do Rodo,Bielzin,Mainstreet,MC Cabelinho,PL Quest,Neo Beats",
Paradis Blanc,Me & George,
Blue Notes,Meek Mill,
10 Freaky Girls (with 21 Savage),"Metro Boomin,21 Savage",
Too Many Nights (feat. Don Toliver & with Future),"Metro Boomin,Future,Don Toliver",
10AM/Save The World (feat. Gucci Mane),"Metro Boomin,Gucci Mane",
Space Cadet (feat. Gunna),"Metro Boomin,Gunna",
Niagara Falls (Foot or 2) [with Travis Scott & 21 Savage],"Metro Boomin,Travis Scott,21 Savage",
Trance (with Travis Scott & Young Thug),"Metro Boomin,Travis Scott,Young Thug",
How Am I Supposed to Live Without You,Michael Bolton,
When a Man Loves a Woman,Michael Bolton,
To Love Somebody,Michael Bolton,
Billie Jean,Michael Jackson,
Beat It,Michael Jackson,
Don't Stop 'Til You Get Enough,Michael Jackson,
Rock with You - Single Version,Michael Jackson,
Racks 2 Skinny,Migos,
Straightenin,Migos,
Bad and Boujee (feat. Lil Uzi Vert),"Migos,Lil Uzi Vert",
Give No Fxk,"Migos,Travis Scott,Young Thug",
Amor De Ganga,Miguel Luz,
Intro,MiguelDzn,
Bottom,MiguelDzn,
Cha de Sumico,"Mih,Jall,DJ 2F,Mousik",
I Took A Pill In Ibiza - Seeb Remix,"Mike Posner,Seeb",
Tenso,"Mikez,Lil Noon",
Es Onde Quero Estar,Mind da Gap,
Iris,Mirai,
Champs-Elysees (feat. Deejay Telio & Julinho KSD),"Mizzy Miles,Deejay Telio,Julinho Ksd",
SAFE (feat. Lhast LON3R JOHNY & 9 Miller),"Mizzy Miles,Lhast,LON3R JOHNY,9 Miller",
Delulu (feat. Nenny & MC PH),"Mizzy Miles,Nenny,MC PH",
Champions League (feat. Slow J & Gson),"Mizzy Miles,Slow J,Gson",
God Bless (feat. Slow J & Teto),"Mizzy Miles,Slow J,Teto",
WORLDWIDE (feat. Wet Bed Gang),"Mizzy Miles,Wet Bed Gang",
Bloodsport,Mobb Deep,
Drop A Gem On 'Em,Mobb Deep,
Hell on Earth (Front Lines),Mobb Deep,
Apostle's Warning,Mobb Deep,
Shook Ones Pt. II,Mobb Deep,
Give Up the Goods (Just Step) (feat. Big Noyd),"Mobb Deep,Big Noyd",
Animal Instinct (feat. Ty Nitty & Gambino),"Mobb Deep,Ty Nitty,Gambino",
KAYA,"Monsta,Deezy,Prodigio",
Passa a Palavra,Montana,
C.Y.S.,Moon Boots,
Ms. Fat Booty,Mos Def,
Como e que Tamos?!,"Mota JR,King Bigs",
Luto Com Fe,Mundo Segundo,
Vicio,Mundo Segundo,
Nao Ha Competicao,"Mundo Segundo,Bezegol",
Linguagem Marginal,"Mundo Segundo,Sam The Kid",
Tu Nao Sabes,"Mundo Segundo,Sam The Kid",
Tambem Faz Parte,"Mundo Segundo,Sam The Kid",
Gaia Chelas,"Mundo Segundo,Sam The Kid",
Deixar de Ser,"Mundo Segundo,Sam The Kid,New Max",
Pure Water (with Migos),"Mustard,Migos",
Baguettes in the Face (feat. NAV Playboi Carti & A Boogie Wit da Hoodie),"Mustard,NAV,Playboi Carti,A Boogie Wit da Hoodie",
Ballin' (with Roddy Ricch),"Mustard,Roddy Ricch",
We Found It,"Myd,Bakar",
Dope Man,N.W.A.,
Deslocado,NAPA,
Turks (feat. Travis Scott),"NAV,Gunna,Travis Scott",
CLOUDS,NF,
When I Grow Up,NF,
The Search,NF,
I Miss The Days,NF,
How Could You Leave Us,NF,
Shotta Flow,NLE Choppa,
Exotic,NLE Choppa,
CAPO,NLE Choppa,
Shotta Flow 5,NLE Choppa,
Camelot,NLE Choppa,
Shotta Flow 2,NLE Choppa,
Shotta Flow 3,NLE Choppa,
Houdini,"Nameless,Sam The Kid",
HBK (feat. 21 Savage),"Nardo Wick,21 Savage",
Nas Is Like,Nas,
N.Y. State of Mind Pt. ll,Nas,
N.Y. State of Mind,Nas,
Big Nas (Original Song from MasterClass),Nas,
Halftime,Nas,
I Can,Nas,
Life is Like a Dice Game - Spotify Singles,"Nas,Cordae,Freddie Gibbs",
Not For Radio,"Nas,Diddy,070 Shake",
EPMD 2 (feat. Eminem & EPMD),"Nas,Eminem,EPMD",
DILEMMA (feat. Central Cee),"Nemzzz,Central Cee",
Pedras No Meu Sapato,"NeonStranger,Dillaz",
Luv Like,Nia Archives,
Am I Wrong,Nico & Vinz,
What It Feels Like,"Nipsey Hussle,JAY-Z",
Dedication (feat. Kendrick Lamar),"Nipsey Hussle,Kendrick Lamar",
Victory Lap (feat. Stacy Barthe),"Nipsey Hussle,Stacy Barthe",
Montagem Naquele Pique Vs Ta de Copao,Nissan,
Quinto Degrau,Nivy,
O Meu People Ri-se,No Money,
Pistol Pistol (Remix),Obie Trice,
Lauren (I Can't Stay Forever),Oden & Fatzo,
Lady Love,"Oden & Fatzo,Camden Cox",
Tell Me What You Want,"Oden & Fatzo,Poppy Baskcomb",
Swing My Way,Offset,
Clout (feat. Cardi B),"Offset,Cardi B",
Bodies,"Offset,JID",
Ric Flair Drip (with Metro Boomin),"Offset,Metro Boomin",
Counting Stars,OneRepublic,
Rescue Me,OneRepublic,
Secrets,OneRepublic,
Solteiro,"Orelha Negra,STK,Regula,Heber,Roulet",
Mesma Historia,"Orochi,Caio Luccas,Pedro Lotto,Mainstreet,Galdino,Ribb",
Celebridade,"Orochi,Kizzy",
Mitsubishi,"Orochi,Kizzy",
Fashion,"Orochi,TkN,RUXN,Kizzy,ProdSmile",
Oh Garota Eu Quero Voce So Pra Mim.,"Oruam,Ze Felipe,MC Tuto,Dj Lc da Roca,Mc Rodrigo do CN,MC K9,mc pl alves",
Incapaz,"Ossio,Catalao,DJ Algore,Saraiva",
Da Art of Storytellin' (Pt. 1),Outkast,
Ms. Jackson,Outkast,
Southernplayalisticadillacmuzik,Outkast,
ATLiens,Outkast,
In Due Time (with Cee-Lo),"Outkast,CeeLo Green",
Git Up Git Out (feat. Goodie Mob),"Outkast,Goodie Mob",
Good Lies,Overmono,
LOYAL (feat. Drake),"PARTYNEXTDOOR,Drake",
Wipe Up,PATx,
Roll Play,PAWSA,
Hello Kitty,"PNG,bapcat",
DRUGDEALER,"PNG,bapcat,CVOS",
jingle.tm - remix,"PTM,LON3R JOHNY,Richie Campbell,Plutonio,Van Zee,ProfJam,Lhast",
Zero Tolerance,"Pacman da Gunman,Nipsey Hussle,Mozzy",
00 Fala Bonito,Papillon,
Camadas,Papillon,
Impec,Papillon,
Sweet Spot,"Papillon,Murta",
TUPETE,Parreira,
Let Her Go,Passenger,
SO QUERO COCAR PICA,Patada O Fixe,
My Way,Paul Anka,
Paul - Skit,Paul Rosenberg,
Para Os Bracos Da Minha Mae,"Pedro Abrunhosa,Comite Caviar,Camane",
Se Eu Fosse Um Dia O Teu Olhar,"Pedro Abrunhosa,Os Bandemonio",
O Que Vai Ser De Mim,"Pedro Abrunhosa,Os Bandemonio",
Tudo O Que Eu Te Dou,"Pedro Abrunhosa,Os Bandemonio",
Momento (Uma Especie De Ceu),"Pedro Abrunhosa,Os Bandemonio",
Nutshell Pt. 2 (feat. Busta Rhymes and Redman),"Phife Dawg,Busta Rhymes,Redman",
Loop,Phoenix Rdc,
Morte do Artista,Phoenix Rdc,
Nirvana,Phoenix Rdc,
Vencedor,Phoenix Rdc,
Licao de vida,Phoenix Rdc,
Ultima Noite,Phoenix Rdc,
Bonanca,"Phoenix Rdc,Boss AC",
Stick-Up,Pimp Chic!,
Poesia Acustica 13,"Pineapple StormTv,Chris MC,Salve Malak,Tz da Coronel,MC Cabelinho,Chefin,L7NNON,Luisa Sonza,Oruam,Xama,N.I.N.A",
Certidao de Obito,Piruka,
So Vim Dizer Yau,Piruka,
Salto Alto,Piruka,
Impossiveis,Piruka,
Ate Ja,Piruka,
Nao Faz Isso,Piruka,
Prova dos 9,Piruka,
Minha Pergunta,Piruka,
Segue o Teu Pensamento,Piruka,
Louco,"Piruka,Bluay",
Magnolia,Playboi Carti,
@ MEH,Playboi Carti,
Sky,Playboi Carti,
Go2DaMoon (feat. Kanye West),"Playboi Carti,Kanye West",
wokeuplikethis*,"Playboi Carti,Lil Uzi Vert",
Tirar Bilhete,Plutonio,
Quando a Noite Cai,Plutonio,
Pais das Maravilhas,Plutonio,
Lisabona,Plutonio,
Interestelar,Plutonio,
Meu Deus,Plutonio,
1 de Abril,Plutonio,
GNF (OKOKOK),Polo G,
Pop Out (feat. Lil Tjay),"Polo G,Lil Tjay",
Go Stupid (feat. NLE Choppa & Mike WiLL Made-It),"Polo G,Stunna 4 Vegas,NLE Choppa,Mike WiLL Made-It",
Got It On Me,Pop Smoke,
Christopher Walking,Pop Smoke,
The Woo (feat. 50 Cent & Roddy Ricch),"Pop Smoke,50 Cent,Roddy Ricch",
Mood Swings (feat. Lil Tjay),"Pop Smoke,Lil Tjay",
Iced Out Audemars (feat. Lil Wayne) - Remix,"Pop Smoke,Lil Wayne",
Shake The Room (feat. Quavo),"Pop Smoke,Quavo",
Adderall (Corvette Corvette) (Remix),"Popp Hunna,Lil Uzi Vert",
Nobody Scared,Porij,
Otherside,Post Malone,
Better Now,Post Malone,
rockstar (feat. 21 Savage),"Post Malone,21 Savage",
Cooped Up (with Roddy Ricch),"Post Malone,Roddy Ricch",
Rumble (feat. Joey Bada$$),"Powers Pleasant,Joey Bada$$",
Breakfast With the Moon,Powfu,
Qualquer Coisa E Um Pouco De Jazz,Praso,
Amando,Praso,
Chega,Praso,
Apresento-Me,Praso,
Tempo Amor e Saude ( T.A.S. ),Praso,
Naquele Hotel,Praso,
Praga,"Praso,BK,Sain",
Soldado de Chumbo,"Praso,David Murray",
Quando a Musica Acaba,"Praso,Montana,Sara D. Francisco",
Mais Mais,"Predella,Sombra,L7NNON",
SACA LA,ProfJam,
David,ProfJam,
FEHER,ProfJam,
Lo-fi,ProfJam,
DAKAR,ProfJam,
O Espectro,ProfJam,
FASE,ProfJam,
SABADO,ProfJam,
4 O QUADRADO,ProfJam,
BLESS,ProfJam,
Se Calhar,ProfJam,
Agua de Coco,ProfJam,
FAX,ProfJam,
HEI,ProfJam,
CABARET,ProfJam,
Xama,ProfJam,
JAMANTAH,ProfJam,
Mortalhas,ProfJam,
Matar o Game,ProfJam,
Yabba,ProfJam,
Alguem Como Tu,"ProfJam,Agir",
A Vontade (feat. Finix MG),"ProfJam,Finix MG",
LUTEI,"ProfJam,Joao Maia Ferreira",
CRANIO,"ProfJam,Joao Maia Ferreira",
XPIDI,"ProfJam,Joao Maia Ferreira",
FINAIS,"ProfJam,Joao Maia Ferreira",
SISTEMA,"ProfJam,Joao Maia Ferreira",
TRIBUNAL,"ProfJam,Joao Maia Ferreira",
ORIGAMI,"ProfJam,Joao Maia Ferreira",
Tou Bem (feat. Lhast),"ProfJam,Lhast",
Fast Food (Freestyle),Psico,
O Odio,"Psydin,Maradox",
The Most Beautiful Girl In The World - Radio Edit,Purple,
New God Flow,"Pusha T,Kanye West",
Trappa Rappa,Quavo,
Legends (with Lil Baby),"Quavo,Lil Baby",
Bohemian Rhapsody - Remastered 2011,Queen,
Better Dayz,REASON,
Music is Better,RUFUS DU SOL,
When I B On Tha Mic,Rakim,
Tonight's Da Night,Redman,
Casca Grossa,Regula,
+ uma Vez,Regula,
Lotacao Esgotada,Regula,
Futre,Regula,
Casanova,Regula,
Berco d'Ouro,Regula,
E La na Zona,Regula,
Julio Cesar,Regula,
Wake n Bake,"Regula,Dillaz",
Besta (o teu melhor amigo),"Regula,NBC",
Langaife,"Regula,Sam The Kid",
Plug Walk,Rich The Kid,
Slide,Rich The Kid,
I Feel Amazing,Richie Campbell,
Heaven,Richie Campbell,
All About You - Ao Vivo,Richie Campbell,
Let You Go,Richie Campbell,
Insomnia,Richie Campbell,
Angels,Robbie Williams,
As Baleias - Versao Remasterizada,Roberto Carlos,
OK,"Robin Schulz,James Blunt",
Heart On Ice,Rod Wave,
Rags2Riches 2 (feat. Lil Baby),"Rod Wave,Lil Baby",
The Box,Roddy Ricch,
Start Wit Me (feat. Gunna),"Roddy Ricch,Gunna",
Bem-Disposto,Rony Fuego,
Mae,Rony Fuego,
Dado,"Rony Fuego,DreNaz",
Guacamole,Roy Purdy,
Oh Wow,Roy Purdy,
Visao Periferica,Royalistick,
Lively Up Yourself,"S.O.T.N.,Bob Marley & The Wailers,1 World",
Trampoline,SHAED,
Quiver,SILK,
Rapazes,"SKURTY,Mikez,Vlone975",
Calvin Cambridge,SOB X RBE,
Esta Vida,SPLIFF,
Socorro,SPLIFF,
Cria Actividade,"SPLIFF,Dillaz",
Welcome To Brixton,SR,
ISSO E SUPERNOVA (feat. Chico da Tina),"SUPERNOVA SOCIETY,VirginGod,Chico da Tina",
Copo de Vinho,Salazarious,
Amar pelos Dois,Salvador Sobral,
Duo,Sam Gellaitry,
I'm Not The Only One,Sam Smith,
Retrospectiva de um amor profundo,Sam The Kid,
Poetas de karaoke,Sam The Kid,
O Recado,Sam The Kid,
Nao Percebes,Sam The Kid,
A Partir de Agora,Sam The Kid,
16-12-95,Sam The Kid,
Retrospectiva De Um Amor Profundo,Sam The Kid,
A Procura da Perfeita Repeticao -,Sam The Kid,
A Partir De Agora,Sam The Kid,
Sendo Assim,Sam The Kid,
Testemunho,"Sam The Kid,BONUS",
B.I.,"Sam The Kid,Beto,DJ Cruzfader",
Necessidade,"Sam The Kid,Bispo",
Poetas De Karaoke,"Sam The Kid,G.Q",
Pus-Me a Pensar,"Sam The Kid,LIL JOHN,KALAF",
Juventude (E Mentalidade),"Sam The Kid,NBC",
Hereditario (Ao Vivo),"Sam The Kid,Orelha Negra,ORQUESTRA",
Sangue (Ao Vivo),"Sam The Kid,Orelha Negra,ORQUESTRA",
Elas,"Sam The Kid,Valete",
Sorri,"Sam The Kid,Valete",
A Pura Verdade,"Sam The Kid,Valete",
Mano Eduardo,"Sam The Kid,Valete",
Dizes,"Sam The Kid,Valete",
Viaja No Meu Flow,"Sam The Kid,Valete,LILA",
Goodnight,Samad Savage,
Goose!,"Samad Savage,Intensify,KIL",
My Relief,Sassa G,
Numb Numb Juice,ScHoolboy Q,
Birds & The Beez,"ScHoolboy Q,Kendrick Lamar",
Collard Greens,"ScHoolboy Q,Kendrick Lamar",
Wind Of Change,Scorpions,
Grippin Woodgrain (feat. ASAP Rocky),"Seth Narley,A$AP Rocky",
Boombastic,Shaggy,
Mo Bamba,Sheck Wes,
Today,Sheff G,
A Sinner's Story,ShooterGang Kony,
Wendy,"Shotgun Willy,Yung Craka",
Oreo,"Shotgun Willy,Yung Craka",
Louis V Menina Linda,Sidoka,
1000 Jogos,Sippinpurpp,
Agiota,Sippinpurpp,
Kawaii,Sirius,
Catch Me Outside,Ski Mask The Slump God,
Burn The Hoods,Ski Mask The Slump God,
Faucet Failure,Ski Mask The Slump God,
Nuketown (feat. Juice WRLD),"Ski Mask The Slump God,Juice WRLD",
Last One Standing (feat. Polo G Mozzy & Eminem) - From Venom: Let There Be Carnage,"Skylar Grey,Polo G,Mozzy,Eminem",
Street Talkin',"Slick Rick,Outkast",
Muros,Slow J,
So Queria Sorrir,Slow J,
Teu Eternamente,Slow J,
Portus Calle,Slow J,
Tata,Slow J,
Ultimamente,Slow J,
Serenata,Slow J,
Where U @,Slow J,
Grandeza - A COLORS SHOW,Slow J,
Sem Ti,Slow J,
Comida,Slow J,
Vida Boa,Slow J,
Cabeca,Slow J,
Seda,Slow J,
Reza,Slow J,
Sado,Slow J,
Bem Vindo a Casa.,Slow J,
Fogo,Slow J,
Piramide,Slow J,
Fome,Slow J,
Tinta da Raiz,Slow J,
Terra,Slow J,
CorDaPele,Slow J,
Nada a Esconder,Slow J,
Pagar As Contas,"Slow J,GSON,Papillon",
Origami (feat. Gson),"Slow J,Gson",
As Vezes,"Slow J,NERVE",
Nunca Pares,"Slow J,Stereossauro,Papillon,Plutonio",
All Star,Smash Mouth,
Trapaceiro,Smile & Raptruista,
Ponto Final,Smile & Raptruista,
Paragrafo,Smile & Raptruista,
90 Proof (with J. Cole),"Smino,J. Cole",
We Outside (with Lil Mosey),"Smokepurpp,Lil Mosey",
Been A Minute...,"Snakehips,EARTHGANG,Sinead Harnett",
DO 4 LOVE - Black Coffee Remix,"Snoh Aalegra,Black Coffee",
Who Am I (What’s My Name)?,Snoop Dogg,
Young Wild & Free (feat. Bruno Mars),"Snoop Dogg,Wiz Khalifa,Bruno Mars",
Chasing Cars,Snow Patrol,
Baptize (with JID & EARTHGANG feat. Ant Clemons),"Spillage Village,JID,EARTHGANG,Ant Clemons",
Bad Habit,Steve Lacy,
Wiley Flow,Stormzy,
Ashley (with DaBaby),"Stunna 4 Vegas,DaBaby",
All Yours,Submotion Orchestra,
Vitamina C - Ao Vivo,"Suel,Grupo Menos E Mais",
Happy Music,Supershy,
Keep It Rising,Supershy,
Don't You Worry Child - Acoustic Version,"Swedish House Mafia,John Martin",
Big Racks,"SwuM,bbno$",
Lamb Kabob,"SwuM,bbno$",
UUUUHH,T-Rex,
MEMORIA,T-Rex,
E ASSIM,T-Rex,
Soft,T-Rex,
Ar,T-Rex,
Tinoni,T-Rex,
Ring (feat. Young Thug),"T.I.,Young Thug",
THE SCOTTS,"THE SCOTTS,Travis Scott,Kid Cudi",
Quem Nao Recorda?,"TILHON,DJ Big",
Daka - Original Mix,TOBEHONEST,
GOODMORNINGTOKYO!,TOKYO’S REVENGE,
Invisivel,TULAS,
Prometeu,TULAS,
AOK,Tai Verdes,
how deep?,Tai Verdes,
Raw Shit,Tekilla & Kulpado,
OQQELESVAOFALAR?,Teto,
Fim de Semana no Rio,Teto,
Minha Vida e um Filme,Teto,
zumzumzum,Teto,
Mustang Preto,Teto,
Paypal,Teto,
Dia Azul,Teto,
Balazul,"Teto,Mateca",
M4,"Teto,Matue",
Flow Espacial,"Teto,WIU,Matue",
Wouldn't It Be Nice - Live At Michigan State University/1966,The Beach Boys,
Let It Be - Remastered 2009,The Beatles,
Happier (feat. Clementine Douglas),"The Blessed Madonna,Clementine Douglas",
Mercy (feat. Jacob Lusk),"The Blessed Madonna,Jacob Lusk",
Serotonin Moonbeams,"The Blessed Madonna,Uffie",
Something Just Like This,"The Chainsmokers,Coldplay",
How to Save a Life,The Fray,
El Chapo,"The Game,Skrillex",
GO (feat. Juice WRLD),"The Kid LAROI,Juice WRLD",
Human,The Killers,
Ho Hey,The Lumineers,
Hypnotize - 2007 Remaster,The Notorious B.I.G.,
Suicidal Thoughts - 2005 Remaster,The Notorious B.I.G.,
Who Shot Ya? - 2007 Remaster,The Notorious B.I.G.,
Mellow My Man,The Roots,
Superheroes,The Script,
For the First Time,The Script,
Breakeven,The Script,
The Man Who Can't Be Moved,The Script,
Hall of Fame (feat. will.i.am),"The Script,will.i.am",
Blinding Lights,The Weeknd,
Timeless (feat. Playboi Carti),"The Weeknd,Playboi Carti",
Acenda o farol,Tim Maia,
Mudo de Vida,"Timor YSF,ProfJam",
Acordar,Tixa,
Infeliz,Tixa,
Not That Deep,Tixa,
Butterflies,Tixa,
Convem,Tixa,
Can We Go Back?,Tom Everett,
MILLION DOLLAR BABY,Tommy Richman,
DEVIL IS A LIE,Tommy Richman,
Welfare,Tony Shhnow,
Pull Up (feat. 21 Savage),"Toosii,21 Savage",
Broke In A Minute,Tory Lanez,
The Most High,Tory Lanez,
Es Tao Sensual,Toy,
Hey Soul Sister,Train,
Malvada,"TrapLaudo,Mc IG,MC PH,MC Ryan SP,Mc Don Juan,Dj Murillo e LT no Beat",
I KNOW ?,Travis Scott,
MAFIA,Travis Scott,
I Can Tell,Travis Scott,
STARGAZING,Travis Scott,
SICKO MODE,Travis Scott,
SIRENS,Travis Scott,
sweet sweet,Travis Scott,
THANK GOD,Travis Scott,
YOSEMITE,Travis Scott,
sdp interlude,Travis Scott,
HIGHEST IN THE ROOM,Travis Scott,
STOP TRYING TO BE GOD,Travis Scott,
BUTTERFLY EFFECT,Travis Scott,
Antidote,Travis Scott,
ASTROTHUNDER,Travis Scott,
CAN'T SAY,Travis Scott,
ESCAPE PLAN,Travis Scott,
COFFEE BEAN,Travis Scott,
GOD'S COUNTRY,Travis Scott,
goosebumps,Travis Scott,
Niagara Falls,"Travis Scott,21 Savage",
DELRESTO (ECHOES) (feat. Beyonce),"Travis Scott,Beyonce",
MELTDOWN (feat. Drake),"Travis Scott,Drake",
TIL FURTHER NOTICE (feat. James Blake & 21 Savage),"Travis Scott,James Blake,21 Savage",
90210 (feat. Kacy Hill),"Travis Scott,Kacy Hill",
FE!N (feat. Playboi Carti),"Travis Scott,Playboi Carti",
Mamacita (feat. Rich Homie Quan & Young Thug),"Travis Scott,Rich Homie Quan,Young Thug",
TOPIA TWINS (feat. Rob49 & 21 Savage),"Travis Scott,Rob49,21 Savage",
TELEKINESIS (feat. SZA & Future),"Travis Scott,SZA,Future",
Ok Alright (feat. ScHoolboy Q),"Travis Scott,ScHoolboy Q",
MODERN JAM (feat. Teezo Touchdown),"Travis Scott,Teezo Touchdown",
Don't Play (feat. The 1975 & Big Sean),"Travis Scott,The 1975,Big Sean",
FRANCHISE (feat. Young Thug & M.I.A.),"Travis Scott,Young Thug,M.I.A.",
The Nether,Trippie Redd,
Pegasus,Trippie Redd,
Weeeeee,Trippie Redd,
Love Me More,Trippie Redd,
Sleepy Hollow,Trippie Redd,
DREAMER,Trippie Redd,
V-12,Trippie Redd,
Taking A Walk,Trippie Redd,
I Got You (feat. Busta Rhymes),"Trippie Redd,Busta Rhymes",
Never Change (feat. Future),"Trippie Redd,Future",
1400 / 999 Freestyle,"Trippie Redd,Juice WRLD",
Mac 10,"Trippie Redd,Lil Baby,Lil Duke",
Excitement (feat. PARTYNEXTDOOR),"Trippie Redd,PARTYNEXTDOOR",
Miss The Rage (feat. Playboi Carti),"Trippie Redd,Playboi Carti",
Red Beam (feat. Sean Kingston),"Trippie Redd,Sean Kingston",
FEMALE SHARK,"Trippie Redd,Travis Barker",
GERONIMO (feat. Chino Moreno),"Trippie Redd,Travis Barker,Chino Moreno",
Dark Knight Dummo (Feat. Travis Scott),"Trippie Redd,Travis Scott",
Lost,"Trista,Julinho Ksd",
Mestre dos Fluxos,"Tropa do Bruxo,DJ Lg do Sf,L7NNON,LeodoKick",
Purple Emoji (feat. J. Cole),"Ty Dolla $ign,J. Cole",
Expensive (feat. Nicki Minaj),"Ty Dolla $ign,Nicki Minaj",
Taste (feat. Offset),"Tyga,Offset",
Yonkers,Tyler The Creator,
IGOR'S THEME,Tyler The Creator,
WILSHIRE,Tyler The Creator,
CORSO,Tyler The Creator,
EARFQUAKE,Tyler The Creator,
GONE GONE / THANK YOU,Tyler The Creator,
RUNNING OUT OF TIME,Tyler The Creator,
I THINK,Tyler The Creator,
LUMBERJACK,Tyler The Creator,
SAFARI,Tyler The Creator,
Colossus,Tyler The Creator,
MASSA,Tyler The Creator,
NEW MAGIC WAND,Tyler The Creator,
Rah Tah Tah,Tyler The Creator,
BEST INTEREST,Tyler The Creator,
Potato Salad,"Tyler The Creator,A$AP Rocky",
Who Dat Boy (feat. A$AP Rocky),"Tyler The Creator,A$AP Rocky",
SWEET / I THOUGHT YOU WANTED TO DANCE (feat. Brent Faiyaz & Fana Hues),"Tyler The Creator,Brent Faiyaz,Fana Hues",
RISE! (feat. DAISY WORLD),"Tyler The Creator,DAISY WORLD",
SIR BAUDELAIRE (feat. DJ Drama),"Tyler The Creator,DJ Drama",
Take Your Mask Off (feat. Daniel Caesar & LaToiya Williams),"Tyler The Creator,Daniel Caesar,LaToiya Williams",
MANIFESTO (feat. Domo Genesis),"Tyler The Creator,Domo Genesis",
See You Again (feat. Kali Uchis),"Tyler The Creator,Kali Uchis",
JUGGERNAUT (feat. Lil Uzi Vert & Pharrell Williams),"Tyler The Creator,Lil Uzi Vert,Pharrell Williams",
HOT WIND BLOWS (feat. Lil Wayne),"Tyler The Creator,Lil Wayne",
Thought I Was Dead (feat. ScHoolboy Q & Santigold),"Tyler The Creator,ScHoolboy Q,Santigold",
RUNITUP (feat. Teezo Touchdown),"Tyler The Creator,Teezo Touchdown",
WUSYANAME (feat. Youngboy Never Broke Again & Ty Dolla $ign),"Tyler The Creator,YoungBoy Never Broke Again,Ty Dolla $ign",
Song For Someone,U2,
Beautiful Day,U2,
With Or Without You,U2,
Preciso,Valas,
Nuvem,Valas,
As Coisas,Valas,
Rap Consciente,Valete,
Audiobook,Valete,
A Lenda,Valete,
2016,Valete,
BFF,Valete,
Roleta Russa,Valete,
Samuel Mira,Valete,
Sem Nada para Fazer no Estudio 1,Valete,
1º MC Portugues,Valete,
Vipes 2023,Valete,
Canal 115 (feat. Bonus Adamastor & DJ Stikup),"Valete,Bonus,Adamastor,DJ Stikup",
Intemporal (feat. Lila),"Valete,Lila",
Qual e a tua Sigla ? (feat. Lila),"Valete,Lila",
Roleta Russa (feat. Luisa & Camplaix),"Valete,Luisa,Camplaix",
Viaja (feat. Phoenix Rdc & Lila),"Valete,Phoenix Rdc,Lila",
Olimpo (feat. Phoenix Rdc & Virgul),"Valete,Phoenix Rdc,Virgul",
Revelacao (feat. Raquel Oliveira),"Valete,Raquel Oliveira",
Ilha de Honshu (feat. X-Tense),"Valete,X-Tense",
Lacos,Van Zee,
Cuba,Van Zee,
Pull Up,Van Zee,
Tempo,Van Zee,
Para Casa,Van Zee,
Alma Nua,Van Zee,
Perto,Van Zee,
Amar De Cor,Van Zee,
Riptide,Vance Joy,
Novo Balanco,"Veigh,Bvga Beatz,Prod Malax,Supernova Ent",
Mandraka,"Veigh,Luchinha Jr,Supernova Ent,Baby",
Vida Chique,"Veigh,Nick Nash,Wylo,Nagalli,Supernova Ent,Kaash Paige",
Clickbait,"Veigh,Niink,Bvga Beatz,JHXW,Supernova Ent",
Monaco Freestyle,"Veigh,Supernova Ent",
Perdoa Por Tudo Vida,"Veigh,Toledo,Supernova Ent,Bvga Beatz",
Engana Dizendo Que Ama,"Veigh,Tz da Coronel,Toledo,Nagalli,Bvga Beatz,Supernova Ent",
X,Vilao,
Oi Como Ce Ta?,"Vulgo FK,AMUSIK,WEY,Wall Hein",
Mandona (Se eu te dissesse),"Vulgo FK,Kyan,Bvga Beatz,Toledo",
Erika - German Stolzbass Mix,WELKENBVRG,
Wait a Minute!,WILLOW,
Balanco de Rede,WIU,
Brinca Demais,"WIU,Matue,Teto",
Horas Iguais,"WIU,Oruam",
Nao Me Lembro,"Waze,Karetus",
Get This Party Started,Westend,
Backstage,Wet Bed Gang,
Mesa 8,Wet Bed Gang,
300,Wet Bed Gang,
Visao Noturna,Wet Bed Gang,
Bairro,Wet Bed Gang,
Pagode,Wet Bed Gang,
Sai do Meu Hood,Wet Bed Gang,
Devia Ir,Wet Bed Gang,
Voar (Gson),"Wet Bed Gang,Gson",
Grillz (Zizzy Jr),"Wet Bed Gang,Zizzy Jr",
Bammer (feat. Mustard),"Wiz Khalifa,Mustard",
Contact (feat. Tyga),"Wiz Khalifa,Tyga",
Lacrimosa,"Wolfgang Amadeus Mozart,Lisa Beckley,Elena Filipova,Magdalena Hajossyova,Peter Mikulas,Michel Piquemal,Gloria Scalchi,Michel Piquemal Vocal Ensemble,Hungarian State Opera Chorus,Oxford Schola Cantorum,Slovak Philharmonic Chorus,Hungarian State Opera Orchestra,Orchestre De La Cite,Oxford Camerata,Slovak Philharmonic",
C.R.E.A.M. (Cash Rules Everything Around Me),Wu-Tang Clan,
17.12.20,X-Tense,
Que Passa (Pablo y Pepe),X-Tense,
Asi,X-Tense,
Viver Para Sempre,X-Tense,
Meu Deus,X-Tense,
P de Pablito,X-Tense,
Eqlibrio,X-Tense,
22:22,X-Tense,
O Re$To,"X-Tense,DJ HYPE MYKE",
Yolanda,"X-Tense,Los Cavakitos",
Bolero,"X-Tense,Los Cavakitos",
CARO,"X-Tense,Slow J",
Meu Rap,XEG,
Verao Passado,XEG,
Oh Mae,XEG,
Mariana,XEG,
[The Lab Series] um Tempo Atras,"XEG,7th Wonder",
Escolhas (feat. G.One),"XEG,G.One",
Os Mais Pesados da Capital,"XEG,Regula,Sam The Kid,Valete",
Moonlight,XXXTENTACION,
changes,XXXTENTACION,
Hope,XXXTENTACION,
Everybody Dies In Their Nightmares,XXXTENTACION,
Riot,XXXTENTACION,
Arms Around You (feat. Maluma & Swae Lee),"XXXTENTACION,Lil Pump,Swae Lee,Maluma",
4Peat,"XXXTENTACION,Ski Mask The Slump God",
Fuck Love,"XXXTENTACION,Trippie Redd",
Lyrics and Bars,Xakal Da Gun,
Supreme,Xavier Scott,
Kid Cudi (Remix),Xavier Wulf,
Lalala,"Y2K,bbno$",
Wawawa,"Y2K,bbno$",
Hard Bottoms & White Socks,YG,
Praise Jah In The Moonlight,YG Marley,
Worth It,YK Osiris,
Nike Ticks,YNG Martyr,
Murder on My Mind,YNW Melly,
Mama Cry,YNW Melly,
No Love,"YNW Melly,Ar'mon & Trey,100k Track",
Mixed Personalities (feat. Kanye West),"YNW Melly,Kanye West",
Thugged Out (feat. Kodak Black),"YNW Melly,Kodak Black",
Becane - A COLORS SHOW,Yame,
My wrist (with Young Thug),"Yeat,Young Thug",
BIG,Young M.A,
Young & Reborn Freestyle,Young Nasaro,
Millions,Young Thug,
The London (feat. J. Cole & Travis Scott),"Young Thug,J. Cole,Travis Scott",
Bad Bad Bad (feat. Lil Baby),"Young Thug,Lil Baby",
pick up the phone,"Young Thug,Travis Scott",
Hot (Remix) [feat. Gunna and Travis Scott],"Young Thug,Travis Scott,Gunna",
It Ain't Over,YoungBoy Never Broke Again,
Make No Sense,YoungBoy Never Broke Again,
Callin (feat. Snoop Dogg),"YoungBoy Never Broke Again,Snoop Dogg",
Tamagochi,Yozi NR6,
virgil do momento,Yozi NR6,
ACTION MAN,Yozi NR6,
Bad Boy (with Wiz Khalifa bbno$ MAX),Yung Bae,
Mr. Clean,Yung Gravy,
Cheryl,Yung Gravy,
1 Thot 2 Thot Red Thot Blue Thot,Yung Gravy,
Sao Paulo,Yuri NR5,
Notas de 100,Yuri NR5,
Father And Son,Yusuf / Cat Stevens,
RIV (LONG.LIVE.MF.DOOM),ZAE,
Ta Calado,Zeca,
check,bbno$,
slop,bbno$,
I DON'T CARE AT ALL CAUSE I GOT MONEY!!!!!!,bbno$,
i remember,bbno$,
hyrule temple,"bbno$,DJ Yung Vamp",
help herself,"bbno$,Diamond Pistols",
pennies up,"bbno$,MIA GLADSTONE,Mr. Carmack,Promnite",
yoga,"bbno$,Rebecca Black",
edamame,"bbno$,Rich Brian",
who dat boi,"bbno$,So Loki",
jack money bean,"bbno$,Yung Gravy,lentra",
too easy,"bbno$,downtime",
coasting,"bbno$,hollow,Futon",
bad to the bone,"bbno$,lentra",
imma,"bbno$,lentra",
mememe,"bbno$,lentra",
quarantine freestyle,"bbno$,lentra",
sriracha,"bbno$,lentra",
rgb money,"bbno$,lentra,Crosby",
feeling good,"bbno$,lentra,Gooch",
admit it,"bbno$,lentra,TrippyThaKid",
jurassic,"bbno$,lentra,TrippyThaKid",
Graduation (with Juice WRLD),"benny blanco,Juice WRLD",
Bittersweet Baby,"blackwave.,Konteks",
Tua Shawty,"clxro,Maia7,Tinx",
North Face 3,colombianacallmegringo,
North Face 2,colombianacallmegringo,
let's pretend we're numb,"connor edwards,NIKHEDONIA",
alterna bonita,cozyfeka,
so te quero a ti,cozyfeka,
coracoes,"cozyfeka,vanish shawty",
Ultimamente Speed,dreko,
Sonhos Cor de Rosa,eddy0,
Geeked Up!,eddy0,
walk out the bank!,eddy0,
Wild!,"eddy0,tripsyhell",
Picante Pizza,fr444n*,
We Are Young (feat. Janelle Monae),"fun.,Janelle Monae",
Tunnel of Love,"ilyTOMMY,Savage Ga$p",
Колибри,"kavabanga Depo kolibri,MiyaGi",
Gossip,"lil mamba,TrippieTommy",
Rabo Gordo,"lil mamba,TrippieTommy",
Big Boy,nastyfactor,
Believe (feat. Fredwave & Jeshi),"p-rallel,Fredwave,Jeshi",
pompeii - sped up + reverb,"pearl,fast forward >>,Tazzy",
ASSALTO,pedronumb,
VVS,pedronumb,
DIZ SINCERAMENTE (QUEM E O MAIS OKAY OKAY),pedronumb,
TERRA DO NUNCA,pedronumb,
VROOM,pedronumb,
OUTRA VEZ,pedronumb,
Deluxo,"pedronumb,Catarina H",
Lisa,"pedronumb,Draco",
COLISEU,"pedronumb,OhTel",
MY LIFE,"rkeat,LON3R JOHNY",
MAZZA (feat. A$AP Rocky),"slowthai,A$AP Rocky",
Plugg (Freestyle) - Remix,"sora9k,eddy0",
VO$$,"sora9k,tripsyhell",
what she never had,"sora9k,tripsyhell",
+ 1 Noite,tripsyhell,
OkoK!,tripsyhell,
Gata Sei K Estas Triste Vem Chorar no Meu Plugg,tripsyhell,
uh uh uh,tripsyhell,
Ultima Fotografia,"tripsyhell,5laughter",
Eu e a minha shawty </3 (feat. Big Mellow),"tripsyhell,Big Mellow",
HEART (feat. Chico da Tina),"tripsyhell,Chico da Tina",
Baby,"tripsyhell,Ice Burz",
Onlyfans,"tripsyhell,Ice Burz",
EURO STEPPIN,"tripsyhell,Ice Burz",
Sentado no Microondas (feat. Kenny Berg & Ice Burz),"tripsyhell,Kenny Berg,Ice Burz",
Alaska (feat. Lil Noon),"tripsyhell,Lil Noon",
Hoje nao falei com ninguem (feat. Nicasso),"tripsyhell,Nicasso",
Dezembro (feat. sora9k),"tripsyhell,sora9k",
jisung,vanish shawty,
gatinhos,vanish shawty,
Sangue Novo,xtinto,
Opus Magnum - demo,xtinto,
Android,xtinto,
Marfim,xtinto,
Quentin Miller,xtinto,
Pentagrama,xtinto,
Eden,"xtinto,Joao Maia Ferreira",
TALKING,"¥$,Kanye West,Ty Dolla $ign",
STARS,"¥$,Kanye West,Ty Dolla $ign",
SLIDE,"¥$,Kanye West,Ty Dolla $ign",
PAID,"¥$,Kanye West,Ty Dolla $ign",
BACK TO ME,"¥$,Kanye West,Ty Dolla $ign",
